id,name,species_id,variety_name_type,created_at
1,PACKHAM S TRIUMPH,1,pears_variety,2025-08-13 17:14:23
2,SCARLETT,2,apples_variety,2025-08-13 17:14:23
3,GRANNY SMITH,2,apples_variety,2025-08-13 17:14:23
4,ROYAL GALA,2,apples_variety,2025-08-13 17:14:23
5,FUJI,2,apples_variety,2025-08-13 17:14:23
6,PINK LADY,2,apples_variety,2025-08-13 17:14:23
7,HASS,3,avocados_variety,2025-08-13 17:14:23
8,CHANDLER C.C.,4,walnuts_variety,2025-08-13 17:14:23
9,RICHARED DELICIOUS,2,apples_variety,2025-08-13 17:14:23
10,SIN ESPECIFICAR,5,kumquat_variety,2025-08-13 17:14:23
11,VENTURA,6,blueberries_variety,2025-08-13 17:14:23
12,SIN ESPECIFICAR,7,cherimoya_variety,2025-08-13 17:14:23
13,EB 9-2,6,blueberries_variety,2025-08-13 17:14:23
14,ROCIO,6,blueberries_variety,2025-08-13 17:14:23
15,EMERALD,6,blueberries_variety,2025-08-13 17:14:23
16,SIN ESPECIFICAR,4,walnuts_variety,2025-08-13 17:14:23
17,SUZIE BLUE,6,blueberries_variety,2025-08-13 17:14:23
18,FUJI RAKU RAKU,2,apples_variety,2025-08-13 17:14:23
19,CRIPPS PINK,2,apples_variety,2025-08-13 17:14:23
20,HAYWARD,8,kiwifruit_variety,2025-08-13 17:14:23
21,STAR RUBY,9,grapefruit_variety,2025-08-13 17:14:23
22,BLUE RIBBON,6,blueberries_variety,2025-08-13 17:14:23
23,SIN ESPECIFICAR,10,almonds_variety,2025-08-13 17:14:23
24,JEWELL,6,blueberries_variety,2025-08-13 17:14:23
25,ONEIL,6,blueberries_variety,2025-08-13 17:14:23
26,JUPITERBLUE,6,blueberries_variety,2025-08-13 17:14:23
27,FARTHING,6,blueberries_variety,2025-08-13 17:14:23
28,BIANCABLUE,6,blueberries_variety,2025-08-13 17:14:23
29,STELLA BLUE,6,blueberries_variety,2025-08-13 17:14:23
30,CONCHA LISA,7,cherimoya_variety,2025-08-13 17:14:23
31,EB 12-19,6,blueberries_variety,2025-08-13 17:14:23
32,CV1219,6,blueberries_variety,2025-08-13 17:14:23
33,WINTER NELIS,1,pears_variety,2025-08-13 17:14:23
34,AMBROSIA,2,apples_variety,2025-08-13 17:14:23
35,BARCELONA C.C.,11,hazelnut_variety,2025-08-13 17:14:23
36,NON PAREIL S.C.,10,almonds_variety,2025-08-13 17:14:23
37,SERR C.C.,4,walnuts_variety,2025-08-13 17:14:23
38,CHANDLER S.C.,4,walnuts_variety,2025-08-13 17:14:23
39,BARCELONA S.C.,11,hazelnut_variety,2025-08-13 17:14:23
40,NAVEL,12,oranges_variety,2025-08-13 17:14:23
41,INITIO,6,blueberries_variety,2025-08-13 17:14:23
42,EUREKA SUNRISE,6,blueberries_variety,2025-08-13 17:14:23
43,BLUEBERRY,6,blueberries_variety,2025-08-13 17:14:23
44,ATLASBLUE,6,blueberries_variety,2025-08-13 17:14:23
45,CARMEL S.C.,10,almonds_variety,2025-08-13 17:14:23
46,JAZZ,2,apples_variety,2025-08-13 17:14:23
47,FUJI FUBRAX,2,apples_variety,2025-08-13 17:14:23
48,W MURCOTT,13,mandarins_variety,2025-08-13 17:14:23
49,RED CHIEF,2,apples_variety,2025-08-13 17:14:23
50,FORELLE,1,pears_variety,2025-08-13 17:14:23
51,FUJI RAYADA,2,apples_variety,2025-08-13 17:14:23
52,CORONA,6,blueberries_variety,2025-08-13 17:14:23
53,MIDNIGHT,12,oranges_variety,2025-08-13 17:14:23
54,STAR,6,blueberries_variety,2025-08-13 17:14:23
55,MURCOTT,13,mandarins_variety,2025-08-13 17:14:23
56,TANGO,13,mandarins_variety,2025-08-13 17:14:23
57,ORRI,13,mandarins_variety,2025-08-13 17:14:23
58,FRITZ S.C.,10,almonds_variety,2025-08-13 17:14:23
59,EB 8-46,6,blueberries_variety,2025-08-13 17:14:23
60,SERR S.C.,4,walnuts_variety,2025-08-13 17:14:23
61,EUREKA,14,lemons_variety,2025-08-13 17:14:23
62,MAGICA,6,blueberries_variety,2025-08-13 17:14:23
63,CARMEL C.C.,10,almonds_variety,2025-08-13 17:14:23
64,BROOKFIELD,2,apples_variety,2025-08-13 17:14:23
65,LANE LATE,12,oranges_variety,2025-08-13 17:14:23
66,GENOVA,14,lemons_variety,2025-08-13 17:14:23
67,BRAEBURN,2,apples_variety,2025-08-13 17:14:23
68,GEM,3,avocados_variety,2025-08-13 17:14:23
69,PINK LADY CV CRIPPS PINK,2,apples_variety,2025-08-13 17:14:23
70,VALENCIA MIDNIGHT,12,oranges_variety,2025-08-13 17:14:23
71,NAVEL LATE,12,oranges_variety,2025-08-13 17:14:23
72,MAGNIFICA,6,blueberries_variety,2025-08-13 17:14:23
73,PACIFIC GALA,2,apples_variety,2025-08-13 17:14:23
74,GALAXY,2,apples_variety,2025-08-13 17:14:23
75,BROOKS,15,cherries_variety,2025-08-13 17:14:23
76,ARANA,6,blueberries_variety,2025-08-13 17:14:23
77,LEGACY,6,blueberries_variety,2025-08-13 17:14:23
78,RED SPUR,2,apples_variety,2025-08-13 17:14:23
79,FINO 49,14,lemons_variety,2025-08-13 17:14:23
80,ENVY,2,apples_variety,2025-08-13 17:14:23
81,GOLDEN DELICIUS,2,apples_variety,2025-08-13 17:14:23
82,DAYBREAK,6,blueberries_variety,2025-08-13 17:14:23
83,GALA PREMIUM,2,apples_variety,2025-08-13 17:14:23
84,VALENCIANAS,16,onions_variety,2025-08-13 17:14:23
85,ANGELENO,17,plums_variety,2025-08-13 17:14:23
86,COBRA,16,onions_variety,2025-08-13 17:14:23
87,RED GLOBE,18,grape_variety,2025-08-13 17:14:23
88,SWEET FAVORS,18,grape_variety,2025-08-13 17:14:23
89,TIMCO,18,grape_variety,2025-08-13 17:14:23
90,AUTUMN ROYAL,18,grape_variety,2025-08-13 17:14:23
91,CAMPERO,16,onions_variety,2025-08-13 17:14:23
92,CRIMSON,18,grape_variety,2025-08-13 17:14:23
93,JINTAO,8,kiwifruit_variety,2025-08-13 17:14:23
94,GALA,2,apples_variety,2025-08-13 17:14:23
95,KANZI,2,apples_variety,2025-08-13 17:14:23
96,HONEY CRISP,2,apples_variety,2025-08-13 17:14:23
97,DI CASTEL DEL RIO,19,chestnuts_variety,2025-08-13 17:14:23
98,DI CITTA DI CASTELLO,19,chestnuts_variety,2025-08-13 17:14:23
99,CUNEO,19,chestnuts_variety,2025-08-13 17:14:23
100,DI CHIUSA DI PESIO,19,chestnuts_variety,2025-08-13 17:14:23
101,CRIPPS PINK-PINK LADY,2,apples_variety,2025-08-13 17:14:23
102,RED APPLE,2,apples_variety,2025-08-13 17:14:23
103,SHINKO,20,nashi pear_variety,2025-08-13 17:14:23
104,GALA BUCKEYE,2,apples_variety,2025-08-13 17:14:23
105,TENROY ROYAL GALA,2,apples_variety,2025-08-13 17:14:23
106,COSCIA,1,pears_variety,2025-08-13 17:14:23
107,HOSUI,20,nashi pear_variety,2025-08-13 17:14:23
108,ALLISON,18,grape_variety,2025-08-13 17:14:23
109,SWEET JOY,18,grape_variety,2025-08-13 17:14:23
110,SIN ESPECIFICAR,16,onions_variety,2025-08-13 17:14:23
111,MORADAS,16,onions_variety,2025-08-13 17:14:23
112,FUKUMOTO,12,oranges_variety,2025-08-13 17:14:23
113,GREEN FORELL,1,pears_variety,2025-08-13 17:14:23
114,CLEMENUL,21,clementine_variety,2025-08-13 17:14:23
115,ORO GRANDE,21,clementine_variety,2025-08-13 17:14:23
116,ORONULE,21,clementine_variety,2025-08-13 17:14:23
117,ARRUFATI,21,clementine_variety,2025-08-13 17:14:23
118,OPAL,2,apples_variety,2025-08-13 17:14:23
119,FUJI ROYAL,2,apples_variety,2025-08-13 17:14:23
120,FUJI BAGGED,2,apples_variety,2025-08-13 17:14:23
121,CARSAL SEEDLES,18,grape_variety,2025-08-13 17:14:23
122,UNSPECIFIED,2,apples_variety,2025-08-13 17:14:23
123,POLINIZANTE 1,19,chestnuts_variety,2025-08-13 17:14:23
124,CITTA DI CASTELLO,19,chestnuts_variety,2025-08-13 17:14:23
125,CASTEL BORELLO,19,chestnuts_variety,2025-08-13 17:14:23
126,DI CASTELL BORELLO,19,chestnuts_variety,2025-08-13 17:14:23
127,PAZAZZ,2,apples_variety,2025-08-13 17:14:23
128,EUROPEA,19,chestnuts_variety,2025-08-13 17:14:23
129,BOUCHE ROUGE,19,chestnuts_variety,2025-08-13 17:14:23
130,DI MARRADI,19,chestnuts_variety,2025-08-13 17:14:23
131,DI VAL DI SUSA,19,chestnuts_variety,2025-08-13 17:14:23
132,MARRON,19,chestnuts_variety,2025-08-13 17:14:23
133,SIN ESPECIFICAR,19,chestnuts_variety,2025-08-13 17:14:23
134,SATIVA,19,chestnuts_variety,2025-08-13 17:14:23
135,GIFFONI S.C.,11,hazelnut_variety,2025-08-13 17:14:23
136,ABATE FETEL,1,pears_variety,2025-08-13 17:14:23
137,BROOKFIELD GALA,2,apples_variety,2025-08-13 17:14:23
138,CLEMENLUZ,21,clementine_variety,2025-08-13 17:14:23
139,TGL S.C.,11,hazelnut_variety,2025-08-13 17:14:23
140,BUCKEYE,2,apples_variety,2025-08-13 17:14:23
141,LORETINA,21,clementine_variety,2025-08-13 17:14:23
142,MESSINA,14,lemons_variety,2025-08-13 17:14:23
143,BEURRE D ANJOU,1,pears_variety,2025-08-13 17:14:23
144,BLAGRATWO-MELODY,18,grape_variety,2025-08-13 17:14:23
145,SCARLOTTA,18,grape_variety,2025-08-13 17:14:23
146,SONERA,18,grape_variety,2025-08-13 17:14:23
147,HOWARD C.C.,4,walnuts_variety,2025-08-13 17:14:23
148,BENJAMIN,14,lemons_variety,2025-08-13 17:14:23
149,HOWARD S.C.,4,walnuts_variety,2025-08-13 17:14:23
150,ROYAL KING,18,grape_variety,2025-08-13 17:14:23
151,ARRATHIRTYTWO,18,grape_variety,2025-08-13 17:14:23
152,HARTLEY C.C.,4,walnuts_variety,2025-08-13 17:14:23
153,CHIUSA DE PESCIO,19,chestnuts_variety,2025-08-13 17:14:23
154,CORDILLERA C.C.,4,walnuts_variety,2025-08-13 17:14:23
155,UNSPECIFIED,21,clementine_variety,2025-08-13 17:14:23
156,CALIFORNIA C.C.,4,walnuts_variety,2025-08-13 17:14:23
157,GOLDEN BOSC,1,pears_variety,2025-08-13 17:14:23
158,GRANO DE ORO,16,onions_variety,2025-08-13 17:14:23
159,FUYU,22,persimmons_variety,2025-08-13 17:14:23
160,SIN ESPECIFICAR,23,feijoas_variety,2025-08-13 17:14:23
161,YAMHILL S.C,11,hazelnut_variety,2025-08-13 17:14:23
162,ROSY GLOW,2,apples_variety,2025-08-13 17:14:23
163,MORADOS,24,garlic_variety,2025-08-13 17:14:23
164,TEXAS,16,onions_variety,2025-08-13 17:14:23
165,CHAMPION,25,quince_variety,2025-08-13 17:14:23
166,SWEET GLOBE,18,grape_variety,2025-08-13 17:14:23
167,VERMONT BEAUTY,1,pears_variety,2025-08-13 17:14:23
168,RED SEEDLESS,18,grape_variety,2025-08-13 17:14:23
169,INDEPENDENCE S.C.,10,almonds_variety,2025-08-13 17:14:23
170,SEER/CHANDLER S.C.,4,walnuts_variety,2025-08-13 17:14:23
171,JACKS SALUTE,18,grape_variety,2025-08-13 17:14:23
172,AUTUMN CRISP,18,grape_variety,2025-08-13 17:14:23
173,THOMPSON,18,grape_variety,2025-08-13 17:14:23
174,WONDERFUL,26,pomegranate_variety,2025-08-13 17:14:23
175,D ANJOU,1,pears_variety,2025-08-13 17:14:23
176,PINK GALA,2,apples_variety,2025-08-13 17:14:23
177,VAL DI SUSA,19,chestnuts_variety,2025-08-13 17:14:23
178,MARRADI,19,chestnuts_variety,2025-08-13 17:14:23
179,BING 44,15,cherries_variety,2025-08-13 17:14:23
180,SANTINA,15,cherries_variety,2025-08-13 17:14:23
181,BING,15,cherries_variety,2025-08-13 17:14:23
182,MAY GLOW,27,nectarines_variety,2025-08-13 17:14:23
183,SUPER RICH,28,peaches_variety,2025-08-13 17:14:23
184,RIO RED,27,nectarines_variety,2025-08-13 17:14:23
185,ROYAL DAWN,15,cherries_variety,2025-08-13 17:14:23
186,ROYAL GLO,27,nectarines_variety,2025-08-13 17:14:23
187,EARLY COT,29,apricot_variety,2025-08-13 17:14:23
188,CASTEL BRITE,29,apricot_variety,2025-08-13 17:14:23
189,VAN,15,cherries_variety,2025-08-13 17:14:23
190,RAINIER,15,cherries_variety,2025-08-13 17:14:23
191,GLEN RED,15,cherries_variety,2025-08-13 17:14:23
192,ANDY GOLD,29,apricot_variety,2025-08-13 17:14:23
193,LAPINS,15,cherries_variety,2025-08-13 17:14:23
194,FRISCO,15,cherries_variety,2025-08-13 17:14:23
195,REBEL,6,blueberries_variety,2025-08-13 17:14:23
196,DUKE,6,blueberries_variety,2025-08-13 17:14:23
197,VIOLETA,6,blueberries_variety,2025-08-13 17:14:23
198,KIRRA,6,blueberries_variety,2025-08-13 17:14:23
199,EB 8-42,6,blueberries_variety,2025-08-13 17:14:23
200,KATI BLUE,6,blueberries_variety,2025-08-13 17:14:23
201,MAYRA,6,blueberries_variety,2025-08-13 17:14:23
202,BING 21,15,cherries_variety,2025-08-13 17:14:23
203,BING 4,15,cherries_variety,2025-08-13 17:14:23
204,KESTREL,6,blueberries_variety,2025-08-13 17:14:23
205,ROYAL HAZEL,15,cherries_variety,2025-08-13 17:14:23
206,ROYAL BAILEY,15,cherries_variety,2025-08-13 17:14:23
207,LIGHT SWEET CHERRIES,15,cherries_variety,2025-08-13 17:14:23
208,EARLY PEARL,27,nectarines_variety,2025-08-13 17:14:23
209,IVU 115,15,cherries_variety,2025-08-13 17:14:23
210,C 14,15,cherries_variety,2025-08-13 17:14:23
211,ECHO,6,blueberries_variety,2025-08-13 17:14:23
212,FIRST BLUSH,6,blueberries_variety,2025-08-13 17:14:23
213,S/ESPECIFICAR C.C.,11,hazelnut_variety,2025-08-13 17:14:23
214,SYLVIA,15,cherries_variety,2025-08-13 17:14:23
215,SIN ESPECIFICAR,11,hazelnut_variety,2025-08-13 17:14:23
216,DARK SWEET CHERRIES,15,cherries_variety,2025-08-13 17:14:23
217,EUREKA,6,blueberries_variety,2025-08-13 17:14:23
218,IFG CHER SEVEN,15,cherries_variety,2025-08-13 17:14:23
219,IVU 104,15,cherries_variety,2025-08-13 17:14:23
220,EUREKA SUNSET,6,blueberries_variety,2025-08-13 17:14:23
221,BING 7,15,cherries_variety,2025-08-13 17:14:23
222,EARLY JUAN,27,nectarines_variety,2025-08-13 17:14:23
223,NE 142,27,nectarines_variety,2025-08-13 17:14:23
224,BOREAL,27,nectarines_variety,2025-08-13 17:14:23
225,SPLASH,6,blueberries_variety,2025-08-13 17:14:23
226,DAZZLE,6,blueberries_variety,2025-08-13 17:14:23
227,GOLDEN NUGGET,30,loquat_variety,2025-08-13 17:14:23
228,AMELIA,29,apricot_variety,2025-08-13 17:14:23
229,SAMMERSET,15,cherries_variety,2025-08-13 17:14:23
230,STELLA,15,cherries_variety,2025-08-13 17:14:23
231,SKEENA,15,cherries_variety,2025-08-13 17:14:23
232,BLACK PEARL,15,cherries_variety,2025-08-13 17:14:23
233,BIG BOY,27,nectarines_variety,2025-08-13 17:14:23
234,SOLANO S.C.,10,almonds_variety,2025-08-13 17:14:23
235,SPRING LADY,28,peaches_variety,2025-08-13 17:14:23
236,EARLY MAJESTIC,28,peaches_variety,2025-08-13 17:14:23
237,TOP SHELF,6,blueberries_variety,2025-08-13 17:14:23
238,CHELAN,15,cherries_variety,2025-08-13 17:14:23
239,ROYAL RAINIER,15,cherries_variety,2025-08-13 17:14:23
240,EARLY RAINIER,15,cherries_variety,2025-08-13 17:14:23
241,SWEET RED DIAMOND,27,nectarines_variety,2025-08-13 17:14:23
242,ZEE FIRE,27,nectarines_variety,2025-08-13 17:14:23
243,KORDIA,15,cherries_variety,2025-08-13 17:14:23
244,SUSANA,15,cherries_variety,2025-08-13 17:14:23
245,CRISTALINA,15,cherries_variety,2025-08-13 17:14:23
246,GARBAJA,27,nectarines_variety,2025-08-13 17:14:23
247,GARDETA,27,nectarines_variety,2025-08-13 17:14:23
248,KAY DIAMOND,27,nectarines_variety,2025-08-13 17:14:23
249,MIRANDELLA,29,apricot_variety,2025-08-13 17:14:23
250,BRITTNEY LANE,28,peaches_variety,2025-08-13 17:14:23
251,FRESH RED,28,peaches_variety,2025-08-13 17:14:23
252,EARLY BING,15,cherries_variety,2025-08-13 17:14:23
253,SPRINGCREST,28,peaches_variety,2025-08-13 17:14:23
254,SONATA,15,cherries_variety,2025-08-13 17:14:23
255,BING 3,15,cherries_variety,2025-08-13 17:14:23
256,GLEN ROCK,15,cherries_variety,2025-08-13 17:14:23
257,BING 2,15,cherries_variety,2025-08-13 17:14:23
258,HIGHBUSH,6,blueberries_variety,2025-08-13 17:14:23
259,EB 8-17,6,blueberries_variety,2025-08-13 17:14:23
260,WINDSOR,6,blueberries_variety,2025-08-13 17:14:23
261,MISTY,6,blueberries_variety,2025-08-13 17:14:23
262,EB 9-12,6,blueberries_variety,2025-08-13 17:14:23
263,CHINO,24,garlic_variety,2025-08-13 17:14:23
264,DUKE ROJA,6,blueberries_variety,2025-08-13 17:14:23
265,RED ROY,27,nectarines_variety,2025-08-13 17:14:23
266,CAMELIA,6,blueberries_variety,2025-08-13 17:14:23
267,BLISS,6,blueberries_variety,2025-08-13 17:14:23
268,EARLY BEAUTY,28,peaches_variety,2025-08-13 17:14:23
269,SANTA FE,6,blueberries_variety,2025-08-13 17:14:23
270,REX,15,cherries_variety,2025-08-13 17:14:23
271,CORAL,15,cherries_variety,2025-08-13 17:14:23
272,ROYAL LEE,15,cherries_variety,2025-08-13 17:14:23
273,1810,15,cherries_variety,2025-08-13 17:14:23
274,SWEET HEART,15,cherries_variety,2025-08-13 17:14:23
275,CELESTE,15,cherries_variety,2025-08-13 17:14:23
276,JEROMINE,2,apples_variety,2025-08-13 17:14:23
277,FLAME,18,grape_variety,2025-08-13 17:14:23
278,ROYAL ANN,15,cherries_variety,2025-08-13 17:14:23
279,SPARTAN,6,blueberries_variety,2025-08-13 17:14:23
280,NEWSTAR,15,cherries_variety,2025-08-13 17:14:23
281,ROYAL LYNN,15,cherries_variety,2025-08-13 17:14:23
282,OPI,6,blueberries_variety,2025-08-13 17:14:23
283,ANDROSS,28,peaches_variety,2025-08-13 17:14:23
284,ARM GOLD,28,peaches_variety,2025-08-13 17:14:23
285,WHITE LADY,28,peaches_variety,2025-08-13 17:14:23
286,MAJESTIC,28,peaches_variety,2025-08-13 17:14:23
287,JULIETA,6,blueberries_variety,2025-08-13 17:14:23
288,CHERRY TREAT,15,cherries_variety,2025-08-13 17:14:23
289,ROYAL TIOGA,15,cherries_variety,2025-08-13 17:14:23
290,IFG CHER ONE,15,cherries_variety,2025-08-13 17:14:23
291,SIERRA SNOW,28,peaches_variety,2025-08-13 17:14:23
292,NADORCOTT,13,mandarins_variety,2025-08-13 17:14:23
293,PARENT WASHINGTON,12,oranges_variety,2025-08-13 17:14:23
294,CARA CARA,12,oranges_variety,2025-08-13 17:14:23
295,FISHER,12,oranges_variety,2025-08-13 17:14:23
296,ATWOOD,12,oranges_variety,2025-08-13 17:14:23
297,SPRING NAVEL,12,oranges_variety,2025-08-13 17:14:23
298,UNSPECIFIED,14,lemons_variety,2025-08-13 17:14:23
299,IMPERIAL GALA,2,apples_variety,2025-08-13 17:14:23
300,TULARE C.C.,4,walnuts_variety,2025-08-13 17:14:23
301,SUNLAND C.C.,4,walnuts_variety,2025-08-13 17:14:23
302,VALLEY GOLD,13,mandarins_variety,2025-08-13 17:14:23
303,UNSPECIFIED,13,mandarins_variety,2025-08-13 17:14:23
304,GALAVAL,2,apples_variety,2025-08-13 17:14:23
305,CALIFORNIA S.C.,10,almonds_variety,2025-08-13 17:14:23
306,YANOV,13,mandarins_variety,2025-08-13 17:14:23
307,TIFBLUE,6,blueberries_variety,2025-08-13 17:14:23
308,D AGEN,17,plums_variety,2025-08-13 17:14:23
309,SUGAR PLUMS,17,plums_variety,2025-08-13 17:14:23
310,AUTUM ZEE,28,peaches_variety,2025-08-13 17:14:23
311,SEPTEMBER SUN,28,peaches_variety,2025-08-13 17:14:23
312,OCHLOCKONEE,6,blueberries_variety,2025-08-13 17:14:23
313,LAETITTIA,17,plums_variety,2025-08-13 17:14:23
314,DU 600,28,peaches_variety,2025-08-13 17:14:23
315,BRIGTHWELL,6,blueberries_variety,2025-08-13 17:14:23
316,BLACK GIANT,17,plums_variety,2025-08-13 17:14:23
317,SWEET SEPTEMBER,28,peaches_variety,2025-08-13 17:14:23
318,CARGO,6,blueberries_variety,2025-08-13 17:14:23
319,SWEET SAPPHIRE,18,grape_variety,2025-08-13 17:14:23
320,RED HEART,17,plums_variety,2025-08-13 17:14:23
321,AUGUST RED,27,nectarines_variety,2025-08-13 17:14:23
322,KAWEAH,28,peaches_variety,2025-08-13 17:14:23
323,LIBERTY,6,blueberries_variety,2025-08-13 17:14:23
324,SUPER AUGUST,27,nectarines_variety,2025-08-13 17:14:23
325,RIVER SWEET,27,nectarines_variety,2025-08-13 17:14:23
326,SEPTEMBER RED,27,nectarines_variety,2025-08-13 17:14:23
327,ELEGANT LADY,28,peaches_variety,2025-08-13 17:14:23
328,BLUE GUSTO,17,plums_variety,2025-08-13 17:14:23
329,SEPTEMBER BRIGHT,27,nectarines_variety,2025-08-13 17:14:23
330,AUGUST LADY,28,peaches_variety,2025-08-13 17:14:23
331,ARTIC SNOW,27,nectarines_variety,2025-08-13 17:14:23
332,AUGUST PEARL,27,nectarines_variety,2025-08-13 17:14:23
333,BLACK MAJESTIC,17,plums_variety,2025-08-13 17:14:23
334,AUGUST PRIDE,28,peaches_variety,2025-08-13 17:14:23
335,AUGUST PRINCESS,28,peaches_variety,2025-08-13 17:14:23
336,RYAN SUN,28,peaches_variety,2025-08-13 17:14:23
337,ZEE LADY,28,peaches_variety,2025-08-13 17:14:23
338,ANGELINO,17,plums_variety,2025-08-13 17:14:23
339,FLAVOR RICH,17,plums_variety,2025-08-13 17:14:23
340,GIANT PEARL,27,nectarines_variety,2025-08-13 17:14:23
341,HAPPY GIANT,17,plums_variety,2025-08-13 17:14:23
342,SEPTEMBER SNOW,28,peaches_variety,2025-08-13 17:14:23
343,AUGUST GLOD,27,nectarines_variety,2025-08-13 17:14:23
344,O'HENRY,28,peaches_variety,2025-08-13 17:14:23
345,INIA GRAPE ONE,18,grape_variety,2025-08-13 17:14:23
346,LARRY ANN,17,plums_variety,2025-08-13 17:14:23
347,AUGUST FIRE,27,nectarines_variety,2025-08-13 17:14:23
348,SUMMER LADY,28,peaches_variety,2025-08-13 17:14:23
349,REGINA,15,cherries_variety,2025-08-13 17:14:23
350,STACCATO,15,cherries_variety,2025-08-13 17:14:23
351,PINK DELIGHT,17,plums_variety,2025-08-13 17:14:23
352,AURORA,6,blueberries_variety,2025-08-13 17:14:23
353,ROSARIO RED,28,peaches_variety,2025-08-13 17:14:23
354,KINOLEA,27,nectarines_variety,2025-08-13 17:14:23
355,SUPER PEACH 90,28,peaches_variety,2025-08-13 17:14:23
356,SWEET CELEBRATION,18,grape_variety,2025-08-13 17:14:23
357,MAGIQUE,27,nectarines_variety,2025-08-13 17:14:23
358,LUCIANA,27,nectarines_variety,2025-08-13 17:14:23
359,CANATRAN,27,nectarines_variety,2025-08-13 17:14:23
360,AUTUMN PRIDE,17,plums_variety,2025-08-13 17:14:23
361,02 ANGELENO,17,plums_variety,2025-08-13 17:14:23
362,ARTIC RED,27,nectarines_variety,2025-08-13 17:14:23
363,GARCICA,27,nectarines_variety,2025-08-13 17:14:23
364,ANDES NECDOS,27,nectarines_variety,2025-08-13 17:14:23
365,SUMMER FLAME,28,peaches_variety,2025-08-13 17:14:23
366,SUPER PEACH 100,28,peaches_variety,2025-08-13 17:14:23
367,BIG KAT,17,plums_variety,2025-08-13 17:14:23
368,SIN ESPECIFICAR,31,baby kiwi_variety,2025-08-13 17:14:23
369,PERLICIOUS,27,nectarines_variety,2025-08-13 17:14:23
370,SIN ESPECIFICAR,32,cranberries_variety,2025-08-13 17:14:23
371,HH1,31,baby kiwi_variety,2025-08-13 17:14:23
372,BLACK KAT,17,plums_variety,2025-08-13 17:14:23
373,SIN ESPECIFICAR,33,kiwano_variety,2025-08-13 17:14:23
374,ANNA,31,baby kiwi_variety,2025-08-13 17:14:23
375,ARTIC MIST,27,nectarines_variety,2025-08-13 17:14:23
376,TIFANY,27,nectarines_variety,2025-08-13 17:14:23
377,PURPLE HEART,17,plums_variety,2025-08-13 17:14:23
378,HONEY DIVA,27,nectarines_variety,2025-08-13 17:14:23
379,AUGUST QUEEN,27,nectarines_variety,2025-08-13 17:14:23
380,ADORA,18,grape_variety,2025-08-13 17:14:23
381,RALLI SEEDLESS,18,grape_variety,2025-08-13 17:14:23
382,SHEEGENE 20-ALLISON-CV,18,grape_variety,2025-08-13 17:14:23
383,MELODY,18,grape_variety,2025-08-13 17:14:23
384,UNSPECIFIED,18,grape_variety,2025-08-13 17:14:23
385,IVORY,18,grape_variety,2025-08-13 17:14:23
386,ARRA SWEETIES,18,grape_variety,2025-08-13 17:14:23
387,TIMPSON,18,grape_variety,2025-08-13 17:14:23
388,ARRA PASSION FIRE,18,grape_variety,2025-08-13 17:14:23
389,SABLE,18,grape_variety,2025-08-13 17:14:23
390,ARRA 29/ PASSION FIRE,18,grape_variety,2025-08-13 17:14:23
391,SUGRANINTEEN/SCARLOTTA SEED,18,grape_variety,2025-08-13 17:14:23
392,FAIRTIME,28,peaches_variety,2025-08-13 17:14:23
393,DU 54,28,peaches_variety,2025-08-13 17:14:23
394,SWEET GARNET I,17,plums_variety,2025-08-13 17:14:23
395,SHANY,26,pomegranate_variety,2025-08-13 17:14:23
396,AUTUMN FRIDE,17,plums_variety,2025-08-13 17:14:23
397,AUGUST BRIGHT,27,nectarines_variety,2025-08-13 17:14:23
398,ERCOLINI,1,pears_variety,2025-08-13 17:14:23
399,FRIAR,17,plums_variety,2025-08-13 17:14:23
400,ZEE GLO,27,nectarines_variety,2025-08-13 17:14:23
401,SUPER PEACH 80,28,peaches_variety,2025-08-13 17:14:23
402,CARNIVAL,28,peaches_variety,2025-08-13 17:14:23
403,ANDES NEC2,27,nectarines_variety,2025-08-13 17:14:23
404,BEAUTY SWEET,28,peaches_variety,2025-08-13 17:14:23
405,CAL RED,28,peaches_variety,2025-08-13 17:14:23
406,BLACK MISSION,34,figs_variety,2025-08-13 17:14:23
407,BLACK PEARL,17,plums_variety,2025-08-13 17:14:23
408,GUSTO,17,plums_variety,2025-08-13 17:14:23
409,VENUS,27,nectarines_variety,2025-08-13 17:14:23
410,TRA ZEE,28,peaches_variety,2025-08-13 17:14:23
411,OWEN T,17,plums_variety,2025-08-13 17:14:23
412,RED JIM,27,nectarines_variety,2025-08-13 17:14:23
413,COMETA,16,onions_variety,2025-08-13 17:14:23
414,RED PEARL,27,nectarines_variety,2025-08-13 17:14:23
415,NECTADELICIUS,27,nectarines_variety,2025-08-13 17:14:23
416,ANDESNECCINCO,27,nectarines_variety,2025-08-13 17:14:23
417,GREEN LIGHT,8,kiwifruit_variety,2025-08-13 17:14:23
418,SUPER PEACH 70,28,peaches_variety,2025-08-13 17:14:23
419,PEARLICIOUS V,27,nectarines_variety,2025-08-13 17:14:23
420,SUMMER BRIGHT,27,nectarines_variety,2025-08-13 17:14:23
421,SWEET GIANT,27,nectarines_variety,2025-08-13 17:14:23
422,ANDESNECCUATRO,27,nectarines_variety,2025-08-13 17:14:23
423,DU 88,28,peaches_variety,2025-08-13 17:14:23
424,BIG PEARL,27,nectarines_variety,2025-08-13 17:14:23
425,LARRY PRIDE,17,plums_variety,2025-08-13 17:14:23
426,SCARLET SNOW,28,peaches_variety,2025-08-13 17:14:23
427,SEPTEMBER FREE,27,nectarines_variety,2025-08-13 17:14:23
428,RUBY DIAMOND,27,nectarines_variety,2025-08-13 17:14:23
429,FLATSTAR,28,peaches_variety,2025-08-13 17:14:23
430,CRIMSON KING,17,plums_variety,2025-08-13 17:14:23
431,BEURRE BOSC,1,pears_variety,2025-08-13 17:14:23
432,JOHN W,17,plums_variety,2025-08-13 17:14:23
433,SUGRAONE,18,grape_variety,2025-08-13 17:14:23
434,FLAMINGO,1,pears_variety,2025-08-13 17:14:23
435,PRINCESS,18,grape_variety,2025-08-13 17:14:23
436,RED GLEND,27,nectarines_variety,2025-08-13 17:14:23
437,SWEET JUBILEE,18,grape_variety,2025-08-13 17:14:23
438,ELLIOT,6,blueberries_variety,2025-08-13 17:14:23
439,LAST CALL,6,blueberries_variety,2025-08-13 17:14:23
440,BRIGITTA,6,blueberries_variety,2025-08-13 17:14:23
441,DRAPER,6,blueberries_variety,2025-08-13 17:14:23
442,LATE ROYAL,27,nectarines_variety,2025-08-13 17:14:23
443,SWEETIES,18,grape_variety,2025-08-13 17:14:23
444,ARRAFIFTEEN,18,grape_variety,2025-08-13 17:14:23
445,SHEEGENE 17,18,grape_variety,2025-08-13 17:14:23
446,QUEEN RED SEEDLESS,18,grape_variety,2025-08-13 17:14:23
447,COTTON CANDY,18,grape_variety,2025-08-13 17:14:23
448,CANDY HEARTS,18,grape_variety,2025-08-13 17:14:23
449,ARRA MYSTIC DREAM,18,grape_variety,2025-08-13 17:14:23
450,PASSION FIRE,18,grape_variety,2025-08-13 17:14:23
451,MUSCATEL,18,grape_variety,2025-08-13 17:14:23
452,AUTUM CRISP,18,grape_variety,2025-08-13 17:14:23
453,UNKNOWN BLACK SEEDLES,18,grape_variety,2025-08-13 17:14:23
454,UNSPECIFIED,27,nectarines_variety,2025-08-13 17:14:23
455,MAYLEN (INIAGRAPE ONE),18,grape_variety,2025-08-13 17:14:23
456,ARRA 19,18,grape_variety,2025-08-13 17:14:23
457,SUGRAFOURTEEN,18,grape_variety,2025-08-13 17:14:23
458,MAGNUM RED,27,nectarines_variety,2025-08-13 17:14:23
459,ARRA 15/SWEETIE,18,grape_variety,2025-08-13 17:14:23
460,SUMMER BREEZE,17,plums_variety,2025-08-13 17:14:23
461,PASSION GLOW,18,grape_variety,2025-08-13 17:14:23
462,ROYAL RED,18,grape_variety,2025-08-13 17:14:23
463,RED GRANADE,17,plums_variety,2025-08-13 17:14:23
464,BLANC,18,grape_variety,2025-08-13 17:14:23
465,SWEET MERY,17,plums_variety,2025-08-13 17:14:23
466,DAPPLE DELIGHT,17,plums_variety,2025-08-13 17:14:23
467,RED SUPERIOR,18,grape_variety,2025-08-13 17:14:23
468,CRIMSON CAT,17,plums_variety,2025-08-13 17:14:23
469,APPLUM,17,plums_variety,2025-08-13 17:14:23
470,MID RED,17,plums_variety,2025-08-13 17:14:23
471,FLAVOR SWEET,17,plums_variety,2025-08-13 17:14:23
472,CANDY RED,17,plums_variety,2025-08-13 17:14:23
473,ANDESNECTRES,27,nectarines_variety,2025-08-13 17:14:23
474,SUGAR PLUM,17,plums_variety,2025-08-13 17:14:23
475,FLAVOR QUEEN,17,plums_variety,2025-08-13 17:14:23
476,DAPPLE DANDY,17,plums_variety,2025-08-13 17:14:23
477,CI 206,17,plums_variety,2025-08-13 17:14:23
478,KRISSY,18,grape_variety,2025-08-13 17:14:23
479,ARRA TWENTY,18,grape_variety,2025-08-13 17:14:23
480,THOMPSON RED SEEDLESS,18,grape_variety,2025-08-13 17:14:23
481,SHEEHAN MAGENTA,18,grape_variety,2025-08-13 17:14:23
482,UNKNOWN RED SEEDLESS,18,grape_variety,2025-08-13 17:14:23
483,SUGRAFOURTEEN/REDSUPERIOR SEED,18,grape_variety,2025-08-13 17:14:23
484,MIDNIGHT BEAUTY,18,grape_variety,2025-08-13 17:14:23
485,ITUMSEVEN,18,grape_variety,2025-08-13 17:14:23
486,KYOHO,18,grape_variety,2025-08-13 17:14:23
487,QUEEN RED,18,grape_variety,2025-08-13 17:14:23
488,ARRA NINETEEN,18,grape_variety,2025-08-13 17:14:23
489,ARTIC FIRE,27,nectarines_variety,2025-08-13 17:14:23
490,WHITE SEEDLESS,18,grape_variety,2025-08-13 17:14:23
491,QUEEN SEEDLESS,18,grape_variety,2025-08-13 17:14:23
492,PERLON,18,grape_variety,2025-08-13 17:14:23
493,SNOW KING,28,peaches_variety,2025-08-13 17:14:23
494,IFG SEVEN-COTTON CANDY,18,grape_variety,2025-08-13 17:14:23
495,UNSPECIFIED,17,plums_variety,2025-08-13 17:14:23
496,ARRA 19/ PASSION GLOW,18,grape_variety,2025-08-13 17:14:23
497,BARTLETT VERANO,1,pears_variety,2025-08-13 17:14:23
498,FIRESTAR,18,grape_variety,2025-08-13 17:14:23
499,SHEEGENE,18,grape_variety,2025-08-13 17:14:23
500,COVILLE,6,blueberries_variety,2025-08-13 17:14:23
501,SATURN,28,peaches_variety,2025-08-13 17:14:23
502,BLACK SEEDLESS,18,grape_variety,2025-08-13 17:14:23
503,SUGRASIXTEEN-SABLE,18,grape_variety,2025-08-13 17:14:23
504,GREAT GREEN,18,grape_variety,2025-08-13 17:14:23
505,BLUE GIANT,17,plums_variety,2025-08-13 17:14:23
506,MUSCAT BEAUTY,18,grape_variety,2025-08-13 17:14:23
507,AC 1536,8,kiwifruit_variety,2025-08-13 17:14:23
508,BRIGHT PEARL,27,nectarines_variety,2025-08-13 17:14:23
509,FALL FIESTA,17,plums_variety,2025-08-13 17:14:23
510,PURPLE GLOBE,17,plums_variety,2025-08-13 17:14:23
511,SWEET PRINCESS,17,plums_variety,2025-08-13 17:14:23
512,KING RED,17,plums_variety,2025-08-13 17:14:23
513,MIXED,18,grape_variety,2025-08-13 17:14:23
514,FUENTE,16,onions_variety,2025-08-13 17:14:23
515,NE 215,27,nectarines_variety,2025-08-13 17:14:23
516,RIBIER,18,grape_variety,2025-08-13 17:14:23
517,SUMMER DIAMOND,27,nectarines_variety,2025-08-13 17:14:23
518,ROSS,28,peaches_variety,2025-08-13 17:14:23
519,SUN GOLD,17,plums_variety,2025-08-13 17:14:23
520,NE 300,27,nectarines_variety,2025-08-13 17:14:23
521,DR DAVIS,28,peaches_variety,2025-08-13 17:14:23
522,ROVADA,35,sarsaparille_variety,2025-08-13 17:14:23
523,SWEET SENSATION,1,pears_variety,2025-08-13 17:14:23
524,DU COMICE,1,pears_variety,2025-08-13 17:14:23
525,RIVER PEARL,27,nectarines_variety,2025-08-13 17:14:23
526,T.SEEDLESS,18,grape_variety,2025-08-13 17:14:23
527,CELINA,1,pears_variety,2025-08-13 17:14:23
528,UNSPECIFIED,28,peaches_variety,2025-08-13 17:14:23
529,RED ANGEL,16,onions_variety,2025-08-13 17:14:23
530,LADY ROSE,18,grape_variety,2025-08-13 17:14:23
531,ITUM 7,18,grape_variety,2025-08-13 17:14:23
532,TAWNY SEEDLESS,18,grape_variety,2025-08-13 17:14:23
533,GREEN,18,grape_variety,2025-08-13 17:14:23
534,FINAL 121,15,cherries_variety,2025-08-13 17:14:23
535,SUGRATHIRTYFOUR/ADORA SEDD,18,grape_variety,2025-08-13 17:14:23
536,MAGENTA,18,grape_variety,2025-08-13 17:14:23
537,NECTAMOUR,27,nectarines_variety,2025-08-13 17:14:23
538,BLACK HEART,17,plums_variety,2025-08-13 17:14:23
539,BICOLOR,18,grape_variety,2025-08-13 17:14:23
540,DU 256,28,peaches_variety,2025-08-13 17:14:23
541,MYSTIC DREAM,18,grape_variety,2025-08-13 17:14:23
542,MOSCATEL ROSADA,18,grape_variety,2025-08-13 17:14:23
543,LETICIA,17,plums_variety,2025-08-13 17:14:23
544,HONEY PEARL,18,grape_variety,2025-08-13 17:14:23
545,CI 116,17,plums_variety,2025-08-13 17:14:23
546,RED JEWEL,27,nectarines_variety,2025-08-13 17:14:23
547,CENTURION,6,blueberries_variety,2025-08-13 17:14:23
548,ARRA 4,18,grape_variety,2025-08-13 17:14:23
549,NECTAR LATE,27,nectarines_variety,2025-08-13 17:14:23
550,LATE DIAMOND,27,nectarines_variety,2025-08-13 17:14:23
551,EMEK,26,pomegranate_variety,2025-08-13 17:14:23
552,ANDESNECUNO,27,nectarines_variety,2025-08-13 17:14:23
553,SHEEGENE 10,18,grape_variety,2025-08-13 17:14:23
554,CARLITA,18,grape_variety,2025-08-13 17:14:23
555,SUGRATHIRTYEIGHT,18,grape_variety,2025-08-13 17:14:23
556,POWERBLUE,6,blueberries_variety,2025-08-13 17:14:23
557,RUSSEL S PRI,18,grape_variety,2025-08-13 17:14:23
558,OZARKBLUE,6,blueberries_variety,2025-08-13 17:14:23
559,ROYAL MAJESTY,17,plums_variety,2025-08-13 17:14:23
560,SWEET CANDY,17,plums_variety,2025-08-13 17:14:23
561,HONEY BLAZE,27,nectarines_variety,2025-08-13 17:14:23
562,FLAVOR PUNCH,17,plums_variety,2025-08-13 17:14:23
563,SUNRISE,27,nectarines_variety,2025-08-13 17:14:23
564,SUPER QUEEN,27,nectarines_variety,2025-08-13 17:14:23
565,ARTIC QUEEN,27,nectarines_variety,2025-08-13 17:14:23
566,LATE ROSA,17,plums_variety,2025-08-13 17:14:23
567,NECTACREST,27,nectarines_variety,2025-08-13 17:14:23
568,EMERALD SWEET,17,plums_variety,2025-08-13 17:14:23
569,CI 111,17,plums_variety,2025-08-13 17:14:23
570,MAJESTIC PEARL,27,nectarines_variety,2025-08-13 17:14:23
571,MAJESTY,17,plums_variety,2025-08-13 17:14:23
572,DINO,17,plums_variety,2025-08-13 17:14:23
573,CAKEDELICE,27,nectarines_variety,2025-08-13 17:14:23
574,SUGAR QUEEN,17,plums_variety,2025-08-13 17:14:23
575,HONEY DREAM,17,plums_variety,2025-08-13 17:14:23
576,ARTIC PRIDE,27,nectarines_variety,2025-08-13 17:14:23
577,GREEN FLAMINGO,1,pears_variety,2025-08-13 17:14:23
578,YUMMY GIANT,17,plums_variety,2025-08-13 17:14:23
579,ANDESNEC 4,27,nectarines_variety,2025-08-13 17:14:23
580,BLACK MAGIC,17,plums_variety,2025-08-13 17:14:23
581,RED PHOENIX,17,plums_variety,2025-08-13 17:14:23
582,SUPLUMTHIRTYSIX,17,plums_variety,2025-08-13 17:14:23
583,BLACK MOON,18,grape_variety,2025-08-13 17:14:23
584,SNOW DIAMOND,27,nectarines_variety,2025-08-13 17:14:23
585,SUGRATHIRTYFOUR,18,grape_variety,2025-08-13 17:14:23
586,ARM QUEEN,27,nectarines_variety,2025-08-13 17:14:23
587,AUGUST SNOW,27,nectarines_variety,2025-08-13 17:14:23
588,POWDERBLUE,6,blueberries_variety,2025-08-13 17:14:23
589,KAMEL,26,pomegranate_variety,2025-08-13 17:14:23
590,AUTUMN BARLETT,1,pears_variety,2025-08-13 17:14:23
591,SUPERIOR,18,grape_variety,2025-08-13 17:14:23
592,QUEEN ROSE,18,grape_variety,2025-08-13 17:14:23
593,DOYENNE DU COMICE,1,pears_variety,2025-08-13 17:14:23
594,ROBIN NEIL,28,peaches_variety,2025-08-13 17:14:23
595,BLACK AURA,17,plums_variety,2025-08-13 17:14:23
596,FLAVOR RICH,36,plumcot_variety,2025-08-13 17:14:23
597,YELLOW ONIONS,16,onions_variety,2025-08-13 17:14:23
598,NORTHLAND,6,blueberries_variety,2025-08-13 17:14:23
599,SWEETANGO,2,apples_variety,2025-08-13 17:14:23
600,SUPER FLAME,18,grape_variety,2025-08-13 17:14:23
601,116,26,pomegranate_variety,2025-08-13 17:14:23
602,ACCO,26,pomegranate_variety,2025-08-13 17:14:23
603,GARTAIRO,27,nectarines_variety,2025-08-13 17:14:23
604,SEPTEMBER YUMMY,17,plums_variety,2025-08-13 17:14:23
605,THOMPSON CRIMSON,18,grape_variety,2025-08-13 17:14:23
606,CANDY CRUNCH,18,grape_variety,2025-08-13 17:14:23
607,SPRING BEAUTY,28,peaches_variety,2025-08-13 17:14:23
608,TH SEEDLESS,18,grape_variety,2025-08-13 17:14:23
609,PURPLE HONEY,17,plums_variety,2025-08-13 17:14:23
610,SWEET NECTAR,18,grape_variety,2025-08-13 17:14:23
611,SWEET PEEKETAH,17,plums_variety,2025-08-13 17:14:23
612,SWEET PEKEETAH,17,plums_variety,2025-08-13 17:14:23
613,CANDY STRIPE,17,plums_variety,2025-08-13 17:14:23
614,FLAVOR HEART,17,plums_variety,2025-08-13 17:14:23
615,CRIMSON DAWN,17,plums_variety,2025-08-13 17:14:23
616,SWEET YELLOW,17,plums_variety,2025-08-13 17:14:23
617,SWEET LADY,17,plums_variety,2025-08-13 17:14:23
618,QUEENS FORELLE,1,pears_variety,2025-08-13 17:14:23
619,CRIMSON FALL,17,plums_variety,2025-08-13 17:14:23
620,SORELI,8,kiwifruit_variety,2025-08-13 17:14:23
621,PANDERO,16,onions_variety,2025-08-13 17:14:23
622,YELLOW GRANEX,16,onions_variety,2025-08-13 17:14:23
623,RED ONIONS,16,onions_variety,2025-08-13 17:14:23
624,ELEFANT,24,garlic_variety,2025-08-13 17:14:23
625,CANDY DREAMS,18,grape_variety,2025-08-13 17:14:23
626,ALLISON/THOMPSON,18,grape_variety,2025-08-13 17:14:23
627,IFG FIVE,18,grape_variety,2025-08-13 17:14:23
628,DINO PIXIE 6,17,plums_variety,2025-08-13 17:14:23
629,RED BLUSH,9,grapefruit_variety,2025-08-13 17:14:23
630,NECTARINE,27,nectarines_variety,2025-08-13 17:14:23
631,ROYAL FUJI BAGGED,2,apples_variety,2025-08-13 17:14:23
632,NECTAPERLE,27,nectarines_variety,2025-08-13 17:14:23
633,ELSTAR,2,apples_variety,2025-08-13 17:14:23
634,VALENCIA LATE,12,oranges_variety,2025-08-13 17:14:23
635,CLEMENTINA,21,clementine_variety,2025-08-13 17:14:23
636,WASHINGTON,12,oranges_variety,2025-08-13 17:14:23
637,FRESCO,14,lemons_variety,2025-08-13 17:14:23
638,MODI,2,apples_variety,2025-08-13 17:14:23
639,SWEET GALA,2,apples_variety,2025-08-13 17:14:23
640,GRANNY SMITH SPUR,2,apples_variety,2025-08-13 17:14:23
641,CONSTANZA,17,plums_variety,2025-08-13 17:14:23
642,RED HONEY,17,plums_variety,2025-08-13 17:14:23
643,CALMERIA,18,grape_variety,2025-08-13 17:14:23
644,MORGANA,2,apples_variety,2025-08-13 17:14:23
645,PRECOUCE MIGOULE,19,chestnuts_variety,2025-08-13 17:14:23
646,DORI,8,kiwifruit_variety,2025-08-13 17:14:23
647,RED LYON,17,plums_variety,2025-08-13 17:14:23
648,KISSABEL R201,2,apples_variety,2025-08-13 17:14:23
649,UNSPECIFIED,1,pears_variety,2025-08-13 17:14:23
650,CONTANZA,17,plums_variety,2025-08-13 17:14:23
651,SWEET SUNSET,17,plums_variety,2025-08-13 17:14:23
652,CARA SEEDLESS,18,grape_variety,2025-08-13 17:14:23
653,MARRONE DI CUNEO,19,chestnuts_variety,2025-08-13 17:14:23
654,PRICE S.C.,10,almonds_variety,2025-08-13 17:14:23
655,UNSPECIFIED,8,kiwifruit_variety,2025-08-13 17:14:23
656,FUJI RR,2,apples_variety,2025-08-13 17:14:23
657,RED CELEBRATION,18,grape_variety,2025-08-13 17:14:23
658,AUTUMN BEAUT,17,plums_variety,2025-08-13 17:14:23
659,GUARA S.C.,10,almonds_variety,2025-08-13 17:14:23
660,ITUMTWELVE,18,grape_variety,2025-08-13 17:14:23
661,MURTA S/E,37,strawberry myrtle_variety,2025-08-13 17:14:23
662,CABERNET SAUVIGNON,38,grape_variety,2025-08-13 17:14:23
663,RED JUMBO,18,grape_variety,2025-08-13 17:14:23
664,CABERNET FRANC,18,grape_variety,2025-08-13 17:14:23
665,AUTUMN SEEDLESS,18,grape_variety,2025-08-13 17:14:23
666,CARMENERE,18,grape_variety,2025-08-13 17:14:23
667,SYRAH,38,grape_variety,2025-08-13 17:14:23
668,ISI WHITE,27,nectarines_variety,2025-08-13 17:14:23
669,SAPPHIRE,17,plums_variety,2025-08-13 17:14:23
670,YOUNGE BEAUTY,28,peaches_variety,2025-08-13 17:14:23
671,ROYAL RED,27,nectarines_variety,2025-08-13 17:14:23
672,NE 308,27,nectarines_variety,2025-08-13 17:14:23
673,ROYAL GLORY,28,peaches_variety,2025-08-13 17:14:23
674,RICH LADY,28,peaches_variety,2025-08-13 17:14:23
675,BLACK ROYAL,17,plums_variety,2025-08-13 17:14:23
676,SPRING BRIGHT,27,nectarines_variety,2025-08-13 17:14:23
677,BLACK RUBY,17,plums_variety,2025-08-13 17:14:23
678,BLACK AMBAR,17,plums_variety,2025-08-13 17:14:23
679,SWEET SNOW,28,peaches_variety,2025-08-13 17:14:23
680,CANDY ICE,28,peaches_variety,2025-08-13 17:14:23
681,SUMMER SWEET,28,peaches_variety,2025-08-13 17:14:23
682,SPRING PEARL,27,nectarines_variety,2025-08-13 17:14:23
683,SNOW BEAUT,28,peaches_variety,2025-08-13 17:14:23
684,PEARL PRINCESS,28,peaches_variety,2025-08-13 17:14:23
685,RED DIAMOND,27,nectarines_variety,2025-08-13 17:14:23
686,FLATREINE,28,peaches_variety,2025-08-13 17:14:23
687,CLARISS,27,nectarines_variety,2025-08-13 17:14:23
688,FLAMEKIST,27,nectarines_variety,2025-08-13 17:14:23
689,SIN ESPECIFICAR,39,red currants_variety,2025-08-13 17:14:23
690,QUEEN ROSA,17,plums_variety,2025-08-13 17:14:23
691,DIAMOND PRINCES,28,peaches_variety,2025-08-13 17:14:23
692,NE 484,27,nectarines_variety,2025-08-13 17:14:23
693,GRAND BRIGHT,27,nectarines_variety,2025-08-13 17:14:23
694,NE 520,27,nectarines_variety,2025-08-13 17:14:23
695,EARLY BARTLETT,1,pears_variety,2025-08-13 17:14:23
696,CARSON,28,peaches_variety,2025-08-13 17:14:23
697,DELTA,12,oranges_variety,2025-08-13 17:14:23
698,FIESTA,27,nectarines_variety,2025-08-13 17:14:23
699,FORTUNE,17,plums_variety,2025-08-13 17:14:23
700,EARLY RICH,28,peaches_variety,2025-08-13 17:14:23
701,NE 269,27,nectarines_variety,2025-08-13 17:14:23
702,IVORY PRINCESS,28,peaches_variety,2025-08-13 17:14:23
703,GIANT BRIGHT,27,nectarines_variety,2025-08-13 17:14:23
704,FIRE SWEET,27,nectarines_variety,2025-08-13 17:14:23
705,PLUMCHERRY,17,plums_variety,2025-08-13 17:14:23
706,RED GOLD,17,plums_variety,2025-08-13 17:14:23
707,BLACK SPLENDOR,17,plums_variety,2025-08-13 17:14:23
708,RED BRIGHT,27,nectarines_variety,2025-08-13 17:14:23
709,FLAVOR ALE,27,nectarines_variety,2025-08-13 17:14:23
710,REDTOP,28,peaches_variety,2025-08-13 17:14:23
711,NECTAR CREST,27,nectarines_variety,2025-08-13 17:14:23
712,BLUEHEAVE,6,blueberries_variety,2025-08-13 17:14:23
713,BLUECROP,6,blueberries_variety,2025-08-13 17:14:23
714,KEEPSAKE,6,blueberries_variety,2025-08-13 17:14:23
715,OSORNO,6,blueberries_variety,2025-08-13 17:14:23
716,BLUE GOLD,6,blueberries_variety,2025-08-13 17:14:23
717,REGAL IN 03,27,nectarines_variety,2025-08-13 17:14:23
718,ANDES NECT 1,27,nectarines_variety,2025-08-13 17:14:23
719,REGAL IN 05,27,nectarines_variety,2025-08-13 17:14:23
720,REGAL IN 01,27,nectarines_variety,2025-08-13 17:14:23
721,REGAL IN 02,27,nectarines_variety,2025-08-13 17:14:23
722,REGAL IN 04,27,nectarines_variety,2025-08-13 17:14:23
723,JUNIFER,35,sarsaparille_variety,2025-08-13 17:14:23
724,NECTAJEWEL,27,nectarines_variety,2025-08-13 17:14:23
725,PERLICIUS V,27,nectarines_variety,2025-08-13 17:14:23
726,SWEET QUEEN,27,nectarines_variety,2025-08-13 17:14:23
727,ARTIC JAY,27,nectarines_variety,2025-08-13 17:14:23
728,FIRE PEARL,27,nectarines_variety,2025-08-13 17:14:23
729,JULY PEARL,27,nectarines_variety,2025-08-13 17:14:23
730,WHITE ANGEL,27,nectarines_variety,2025-08-13 17:14:23
731,SWEET RED 40,27,nectarines_variety,2025-08-13 17:14:23
732,DUKE AMARILLA,6,blueberries_variety,2025-08-13 17:14:23
733,LEMON,17,plums_variety,2025-08-13 17:14:23
734,ITUMNINE,18,grape_variety,2025-08-13 17:14:23
735,RUBY GRAND,27,nectarines_variety,2025-08-13 17:14:23
736,FLAVORTOP,27,nectarines_variety,2025-08-13 17:14:23
737,ESMERALDA,6,blueberries_variety,2025-08-13 17:14:23
738,BLACK SWEET,17,plums_variety,2025-08-13 17:14:23
739,EXTREME RED,27,nectarines_variety,2025-08-13 17:14:23
740,ROYAL EBONY,17,plums_variety,2025-08-13 17:14:23
741,RED GLO,27,nectarines_variety,2025-08-13 17:14:23
742,SWEET FESTIVAL,27,nectarines_variety,2025-08-13 17:14:23
743,REAL LADY,28,peaches_variety,2025-08-13 17:14:23
744,SUMMER FLAME 26,28,peaches_variety,2025-08-13 17:14:23
745,ARRA SUGAR DROP,18,grape_variety,2025-08-13 17:14:23
746,REGAL IN,27,nectarines_variety,2025-08-13 17:14:23
747,DENISSE,6,blueberries_variety,2025-08-13 17:14:23
748,RED LADY,28,peaches_variety,2025-08-13 17:14:23
749,SWEET RED,27,nectarines_variety,2025-08-13 17:14:23
750,SWEET ANTONIA,27,nectarines_variety,2025-08-13 17:14:23
751,SCHENEIDER,15,cherries_variety,2025-08-13 17:14:23
752,FLAVORITE,27,nectarines_variety,2025-08-13 17:14:23
753,NECTAR QUEEN,27,nectarines_variety,2025-08-13 17:14:23
754,SWEET RED 20,27,nectarines_variety,2025-08-13 17:14:23
755,NE 577,27,nectarines_variety,2025-08-13 17:14:23
756,RED GRAND,27,nectarines_variety,2025-08-13 17:14:23
757,BONITA,6,blueberries_variety,2025-08-13 17:14:23
758,RUBY RED,27,nectarines_variety,2025-08-13 17:14:23
759,FORTUNA,17,plums_variety,2025-08-13 17:14:23
760,RUBY SUN,27,nectarines_variety,2025-08-13 17:14:23
761,EBONY SWEET,17,plums_variety,2025-08-13 17:14:23
762,SENTENNIAL,15,cherries_variety,2025-08-13 17:14:23
763,SNOW DREAM,27,nectarines_variety,2025-08-13 17:14:23
764,PEACE WHITE,27,nectarines_variety,2025-08-13 17:14:23
765,SILVIA,15,cherries_variety,2025-08-13 17:14:23
766,GAROFA,27,nectarines_variety,2025-08-13 17:14:23
767,MIDNIGTH BEAUTY SEEDLESS,18,grape_variety,2025-08-13 17:14:23
768,BLUERAY,6,blueberries_variety,2025-08-13 17:14:23
769,WHITE ROYAL,27,nectarines_variety,2025-08-13 17:14:23
770,EARLY CANDY 1,17,plums_variety,2025-08-13 17:14:23
771,SHEEGENE 17-GREAT GREEN SEED,18,grape_variety,2025-08-13 17:14:23
772,PRIME,18,grape_variety,2025-08-13 17:14:23
773,ARRA PASSION GLOW,18,grape_variety,2025-08-13 17:14:23
774,BLACK BEAUT,17,plums_variety,2025-08-13 17:14:23
775,ROYAL SUMMER BARTLETT,1,pears_variety,2025-08-13 17:14:23
776,NECTAR MAGGIE,27,nectarines_variety,2025-08-13 17:14:23
777,5J6,6,blueberries_variety,2025-08-13 17:14:23
778,JOLENE,6,blueberries_variety,2025-08-13 17:14:23
779,LUCY,6,blueberries_variety,2025-08-13 17:14:23
780,EARLY FORELLE,1,pears_variety,2025-08-13 17:14:23
781,BLACK DIAMOND,17,plums_variety,2025-08-13 17:14:23
782,BARBARA ANN,6,blueberries_variety,2025-08-13 17:14:23
783,RED DREAM,27,nectarines_variety,2025-08-13 17:14:23
784,SIN ESPECIFICAR,9,grapefruit_variety,2025-08-13 17:14:23
785,NE 311,27,nectarines_variety,2025-08-13 17:14:23
786,SUMMER FIRE,27,nectarines_variety,2025-08-13 17:14:23
787,WESTERN BRIGHT,27,nectarines_variety,2025-08-13 17:14:23
788,WILLIAMS,1,pears_variety,2025-08-13 17:14:23
789,UNSPECIFIED,12,oranges_variety,2025-08-13 17:14:23
790,UNSPECIFIED,6,blueberries_variety,2025-08-13 17:14:23
791,ANIVERSARIO,27,nectarines_variety,2025-08-13 17:14:23
792,UFO 4,28,peaches_variety,2025-08-13 17:14:23
793,FLATBEAUTI,28,peaches_variety,2025-08-13 17:14:23
794,NE 523,27,nectarines_variety,2025-08-13 17:14:23
795,NECTAKING,27,nectarines_variety,2025-08-13 17:14:23
796,SWEET JANE,6,blueberries_variety,2025-08-13 17:14:23
797,CASSIDY,6,blueberries_variety,2025-08-13 17:14:23
798,VALOR,6,blueberries_variety,2025-08-13 17:14:23
799,SUMMER FLAMER,28,peaches_variety,2025-08-13 17:14:23
800,SWEET RED 30,27,nectarines_variety,2025-08-13 17:14:23
801,TORO,6,blueberries_variety,2025-08-13 17:14:23
802,SUMMIT,15,cherries_variety,2025-08-13 17:14:23
803,SPRING RED,27,nectarines_variety,2025-08-13 17:14:23
804,SPRING VIOLETA,24,garlic_variety,2025-08-13 17:14:23
805,SWEET HEART 2,15,cherries_variety,2025-08-13 17:14:23
806,FINAL 131,15,cherries_variety,2025-08-13 17:14:23
807,ROYAL EDIE,15,cherries_variety,2025-08-13 17:14:23
808,SAM,15,cherries_variety,2025-08-13 17:14:23
809,CI 336,17,plums_variety,2025-08-13 17:14:23
810,ZAFIRO,17,plums_variety,2025-08-13 17:14:23
811,UNSPECIFIED,15,cherries_variety,2025-08-13 17:14:23
812,STAR FIRE SEED,18,grape_variety,2025-08-13 17:14:23
813,SUGRATWELVE,18,grape_variety,2025-08-13 17:14:23
814,KING BLACK,17,plums_variety,2025-08-13 17:14:23
815,EARLY BLUE,6,blueberries_variety,2025-08-13 17:14:23
816,CANDY WHITE,27,nectarines_variety,2025-08-13 17:14:23
817,REGINA 1,15,cherries_variety,2025-08-13 17:14:23
818,BURPEACHSEVEN,28,peaches_variety,2025-08-13 17:14:23
819,CROWN PRINCESS,28,peaches_variety,2025-08-13 17:14:23
820,SIERRA,6,blueberries_variety,2025-08-13 17:14:23
821,BING 22,15,cherries_variety,2025-08-13 17:14:23
822,EXTREME 79,27,nectarines_variety,2025-08-13 17:14:23
823,PRECOZ MORETTINI,1,pears_variety,2025-08-13 17:14:23
824,GLORIA,28,peaches_variety,2025-08-13 17:14:23
825,FLAVORCREST,28,peaches_variety,2025-08-13 17:14:23
826,ZEE DIAMOND,28,peaches_variety,2025-08-13 17:14:23
827,NE 678,27,nectarines_variety,2025-08-13 17:14:23
828,CERVERA KING,27,nectarines_variety,2025-08-13 17:14:23
829,SNOW SWEET,27,nectarines_variety,2025-08-13 17:14:23
830,EMERALD CANDY,17,plums_variety,2025-08-13 17:14:23
831,ORION,27,nectarines_variety,2025-08-13 17:14:23
832,APOLO,6,blueberries_variety,2025-08-13 17:14:23
833,PRIME TIME,17,plums_variety,2025-08-13 17:14:23
834,NE 572,27,nectarines_variety,2025-08-13 17:14:23
835,PRO 712,27,nectarines_variety,2025-08-13 17:14:23
836,CANDY PEARL,27,nectarines_variety,2025-08-13 17:14:23
837,NUBIANA,17,plums_variety,2025-08-13 17:14:23
838,THOMPSON TIMCO,18,grape_variety,2025-08-13 17:14:23
839,SUMMER RED,27,nectarines_variety,2025-08-13 17:14:23
840,SWEET ICE,27,nectarines_variety,2025-08-13 17:14:23
841,JULY RED,27,nectarines_variety,2025-08-13 17:14:23
842,SANTA ROSA,17,plums_variety,2025-08-13 17:14:23
843,BILOX,6,blueberries_variety,2025-08-13 17:14:23
844,SUGRAONE/ARRA29,18,grape_variety,2025-08-13 17:14:23
845,OVERTIME,6,blueberries_variety,2025-08-13 17:14:23
846,MINI PLUM,17,plums_variety,2025-08-13 17:14:23
847,EBONY,17,plums_variety,2025-08-13 17:14:23
848,SWEET DIAMOND,27,nectarines_variety,2025-08-13 17:14:23
849,TWILIGHT,6,blueberries_variety,2025-08-13 17:14:23
850,AUTUM BLACK,18,grape_variety,2025-08-13 17:14:23
851,GRANEX 33,16,onions_variety,2025-08-13 17:14:23
852,RR1,17,plums_variety,2025-08-13 17:14:23
853,LATE ANNE,17,plums_variety,2025-08-13 17:14:23
854,LATE NOS,28,peaches_variety,2025-08-13 17:14:23
855,PRINCESS DELIGHT,17,plums_variety,2025-08-13 17:14:23
856,LATE FORTUNE,17,plums_variety,2025-08-13 17:14:23
857,SUMMER 3373,8,kiwifruit_variety,2025-08-13 17:14:23
858,LATE SHOW 10,17,plums_variety,2025-08-13 17:14:23
859,CRS,18,grape_variety,2025-08-13 17:14:23
860,SWEET TIME,17,plums_variety,2025-08-13 17:14:23
861,SHINSEIKI O TENTH CENTURY,20,nashi pear_variety,2025-08-13 17:14:23
862,ARRA 28,18,grape_variety,2025-08-13 17:14:23
863,AFRICAN DELIGTH,17,plums_variety,2025-08-13 17:14:23
864,ROYSUM,17,plums_variety,2025-08-13 17:14:23
865,SUGAR SWEET GARNET,17,plums_variety,2025-08-13 17:14:23
866,RED DELIGHT,28,peaches_variety,2025-08-13 17:14:23
867,LATE PRINCESS,17,plums_variety,2025-08-13 17:14:23
868,SEPTEMBER KING,17,plums_variety,2025-08-13 17:14:23
869,EARLY ROYAL,27,nectarines_variety,2025-08-13 17:14:23
870,AUTUMN FREE,28,peaches_variety,2025-08-13 17:14:23
871,DU 56,28,peaches_variety,2025-08-13 17:14:23
872,PRINCESS SEEDLESS,18,grape_variety,2025-08-13 17:14:23
873,TUMSIX,18,grape_variety,2025-08-13 17:14:23
874,57 1,2,apples_variety,2025-08-13 17:14:23
875,BABY KIWI,8,kiwifruit_variety,2025-08-13 17:14:23
876,ISAAC,2,apples_variety,2025-08-13 17:14:23
877,FLAVOR FALL,17,plums_variety,2025-08-13 17:14:23
878,BEURRE CLAIRGEAU,1,pears_variety,2025-08-13 17:14:23
879,PHILIPS CLING,28,peaches_variety,2025-08-13 17:14:23
880,SUGARINE,27,nectarines_variety,2025-08-13 17:14:23
881,AURORA,17,plums_variety,2025-08-13 17:14:23
882,AUGUST FLAME,28,peaches_variety,2025-08-13 17:14:23
883,AUTUMN LADY,28,peaches_variety,2025-08-13 17:14:23
884,EARLY ANGELENO,17,plums_variety,2025-08-13 17:14:23
885,PRO 733,27,nectarines_variety,2025-08-13 17:14:23
886,ARTIC ROSE,27,nectarines_variety,2025-08-13 17:14:23
887,GRAND PEARL,27,nectarines_variety,2025-08-13 17:14:23
888,RED ROSE,17,plums_variety,2025-08-13 17:14:23
889,KING WHITE,27,nectarines_variety,2025-08-13 17:14:23
890,CARMEN,1,pears_variety,2025-08-13 17:14:23
891,ROYAL SEEDLESS,18,grape_variety,2025-08-13 17:14:23
892,LATE LE GRAND,27,nectarines_variety,2025-08-13 17:14:23
893,LARODA,17,plums_variety,2025-08-13 17:14:23
894,K PLUM,17,plums_variety,2025-08-13 17:14:23
895,WHITE STAR,27,nectarines_variety,2025-08-13 17:14:23
896,YUMMI,17,plums_variety,2025-08-13 17:14:23
897,RED GIL,17,plums_variety,2025-08-13 17:14:23
898,RED GIANT,17,plums_variety,2025-08-13 17:14:23
899,RED BEAUT,17,plums_variety,2025-08-13 17:14:23
900,MIRABEL,17,plums_variety,2025-08-13 17:14:23
901,LATE BRIGHT,27,nectarines_variety,2025-08-13 17:14:23
902,SIN ESPECIFICAR,35,sarsaparille_variety,2025-08-13 17:14:23
903,REGAL IN 08,27,nectarines_variety,2025-08-13 17:14:23
904,SUPERIOR SEEDLESS M.R.,18,grape_variety,2025-08-13 17:14:23
905,LADY ROSE,17,plums_variety,2025-08-13 17:14:23
906,RED PRIDE,17,plums_variety,2025-08-13 17:14:23
907,WHITE MOON,27,nectarines_variety,2025-08-13 17:14:23
908,YUMMI BEAUT,17,plums_variety,2025-08-13 17:14:23
909,ROSE PEARL,27,nectarines_variety,2025-08-13 17:14:23
910,SAMANTHA,28,peaches_variety,2025-08-13 17:14:23
911,BLACK JOHNSON,18,grape_variety,2025-08-13 17:14:23
912,BLACK JOHSON,18,grape_variety,2025-08-13 17:14:23
913,BLUE JAY,6,blueberries_variety,2025-08-13 17:14:23
914,TONDA PACIFICA S.C.,11,hazelnut_variety,2025-08-13 17:14:23
915,NE 826,27,nectarines_variety,2025-08-13 17:14:23
916,SILVER SWEET,27,nectarines_variety,2025-08-13 17:14:23
917,CRIMSON DIAMOND,17,plums_variety,2025-08-13 17:14:23
918,CANDY GOLD,27,nectarines_variety,2025-08-13 17:14:23
919,SWEET PLUMS,17,plums_variety,2025-08-13 17:14:23
920,RED SWEET,17,plums_variety,2025-08-13 17:14:23
921,NECTARIAMNE,27,nectarines_variety,2025-08-13 17:14:23
922,SUPREME SEEDLESS,18,grape_variety,2025-08-13 17:14:23
923,ARTIC BRIGHT,27,nectarines_variety,2025-08-13 17:14:23
924,QUEEN,18,grape_variety,2025-08-13 17:14:23
925,SEPTEMBER KING,28,peaches_variety,2025-08-13 17:14:23
926,FLAMEROUGE,27,nectarines_variety,2025-08-13 17:14:23
927,DINA,29,apricot_variety,2025-08-13 17:14:23
928,WHITE RED,28,peaches_variety,2025-08-13 17:14:23
929,REINA LUISA,15,cherries_variety,2025-08-13 17:14:23
930,SPRING FLAME 22,28,peaches_variety,2025-08-13 17:14:23
931,ITUMFIVE,18,grape_variety,2025-08-13 17:14:23
932,HELENA,29,apricot_variety,2025-08-13 17:14:23
933,CARMEN,29,apricot_variety,2025-08-13 17:14:23
934,FRESNO,29,apricot_variety,2025-08-13 17:14:23
935,LORNA,29,apricot_variety,2025-08-13 17:14:23
936,SPRING DELIGHT,28,peaches_variety,2025-08-13 17:14:23
937,BIG FUSION,17,plums_variety,2025-08-13 17:14:23
938,EXTREME 303,27,nectarines_variety,2025-08-13 17:14:23
939,ROBUST,6,blueberries_variety,2025-08-13 17:14:23
940,JUNE LADY,28,peaches_variety,2025-08-13 17:14:23
941,BLACK NECTAR,17,plums_variety,2025-08-13 17:14:23
942,KIMBERLY,6,blueberries_variety,2025-08-13 17:14:23
943,SUPERIOR,15,cherries_variety,2025-08-13 17:14:23
944,TULARE,15,cherries_variety,2025-08-13 17:14:23
945,BING 03,15,cherries_variety,2025-08-13 17:14:23
946,TIP TOP,15,cherries_variety,2025-08-13 17:14:23
947,LAMBERT,15,cherries_variety,2025-08-13 17:14:23
948,SUE,15,cherries_variety,2025-08-13 17:14:23
949,DARK CHERRIES,15,cherries_variety,2025-08-13 17:14:23
950,ONEAL,6,blueberries_variety,2025-08-13 17:14:23
951,EARLY QUEEN,17,plums_variety,2025-08-13 17:14:23
952,BING 9,15,cherries_variety,2025-08-13 17:14:23
953,BINGO 0,15,cherries_variety,2025-08-13 17:14:23
954,ALEX,15,cherries_variety,2025-08-13 17:14:23
955,AREKO,15,cherries_variety,2025-08-13 17:14:23
956,GARNET,15,cherries_variety,2025-08-13 17:14:23
957,NEW HANOVER,6,blueberries_variety,2025-08-13 17:14:23
958,DANSOM,15,cherries_variety,2025-08-13 17:14:23
959,APACHE,29,apricot_variety,2025-08-13 17:14:23
960,SUN DOWNER,2,apples_variety,2025-08-13 17:14:23
961,LINDE,28,peaches_variety,2025-08-13 17:14:23
962,JUBILEE,6,blueberries_variety,2025-08-13 17:14:23
963,BING 13,15,cherries_variety,2025-08-13 17:14:23
964,FRESH WHITE,28,peaches_variety,2025-08-13 17:14:23
965,EARLY AMBER,17,plums_variety,2025-08-13 17:14:23
966,SIGNATURE,27,nectarines_variety,2025-08-13 17:14:23
967,IMPERIAL,29,apricot_variety,2025-08-13 17:14:23
968,N 18,27,nectarines_variety,2025-08-13 17:14:23
969,FLOWER CREST,28,peaches_variety,2025-08-13 17:14:23
970,SKYLAR RAE,15,cherries_variety,2025-08-13 17:14:23
971,SKEENA 1,15,cherries_variety,2025-08-13 17:14:23
972,ARTIC GLOW,27,nectarines_variety,2025-08-13 17:14:23
973,BING 04,15,cherries_variety,2025-08-13 17:14:23
974,BING G,15,cherries_variety,2025-08-13 17:14:23
975,LINDO,28,peaches_variety,2025-08-13 17:14:23
976,NE 168,27,nectarines_variety,2025-08-13 17:14:23
977,NECTA SWEET,27,nectarines_variety,2025-08-13 17:14:23
978,ROYAL LADY,28,peaches_variety,2025-08-13 17:14:23
979,THOMPSON FLAME,18,grape_variety,2025-08-13 17:14:23
980,LAPINS 1,15,cherries_variety,2025-08-13 17:14:23
981,SWEET ARYANA,15,cherries_variety,2025-08-13 17:14:23
982,HIROMI RED,17,plums_variety,2025-08-13 17:14:23
983,SPRING BRITE,27,nectarines_variety,2025-08-13 17:14:23
984,EVELINA,2,apples_variety,2025-08-13 17:14:23
985,CLEMENPONS,21,clementine_variety,2025-08-13 17:14:23
986,M7,12,oranges_variety,2025-08-13 17:14:23
987,NAVEL ORANGE,12,oranges_variety,2025-08-13 17:14:23
988,FUJI BAG,2,apples_variety,2025-08-13 17:14:23
989,GOLD ROSE,2,apples_variety,2025-08-13 17:14:23
990,EARLISSE,15,cherries_variety,2025-08-13 17:14:23
991,SWEET GOLDEN PEARS,1,pears_variety,2025-08-13 17:14:23
992,CHEERY GRAND,15,cherries_variety,2025-08-13 17:14:23
993,RED CHERRIES,15,cherries_variety,2025-08-13 17:14:23
994,JULIA,6,blueberries_variety,2025-08-13 17:14:23
995,CHEERY CRUNCH,15,cherries_variety,2025-08-13 17:14:23
996,DORRIS S.C.,11,hazelnut_variety,2025-08-13 17:14:23
997,EUREKA C.C.,4,walnuts_variety,2025-08-13 17:14:23
998,VINA C.C.,4,walnuts_variety,2025-08-13 17:14:23
999,SUNDLAND S.C.,4,walnuts_variety,2025-08-13 17:14:23
1000,EUREKA S.C.,4,walnuts_variety,2025-08-13 17:14:23
1001,FLAVOR CREST,27,nectarines_variety,2025-08-13 17:14:23
1002,SAPHIRO,17,plums_variety,2025-08-13 17:14:23
1003,KLONDIKE WHITE,28,peaches_variety,2025-08-13 17:14:23
1004,SHAPIRE,17,plums_variety,2025-08-13 17:14:23
1005,SUMMER BEAUT,27,nectarines_variety,2025-08-13 17:14:23
1006,SYNPHONI,15,cherries_variety,2025-08-13 17:14:23
1007,FAVORITA DE CLAPP,1,pears_variety,2025-08-13 17:14:23
1008,LOADELL,28,peaches_variety,2025-08-13 17:14:23
1009,VISTA,28,peaches_variety,2025-08-13 17:14:23
1010,WHITE QUEEN,27,nectarines_variety,2025-08-13 17:14:23
1011,ANDES ROYAL,17,plums_variety,2025-08-13 17:14:23
1012,BLACK KNIGHT,17,plums_variety,2025-08-13 17:14:23
1013,LATE MARIA,15,cherries_variety,2025-08-13 17:14:23
1014,SUPLUM FORTYTWO,17,plums_variety,2025-08-13 17:14:23
1015,ANTARES,27,nectarines_variety,2025-08-13 17:14:23
1016,PR RED,27,nectarines_variety,2025-08-13 17:14:23
1017,REGAL IN 06,27,nectarines_variety,2025-08-13 17:14:23
1018,REGAL IN 07,27,nectarines_variety,2025-08-13 17:14:23
1019,SWEET HEART 1,15,cherries_variety,2025-08-13 17:14:23
1020,SUMMER DELIGHT,28,peaches_variety,2025-08-13 17:14:23
1021,SWEET LOE,27,nectarines_variety,2025-08-13 17:14:23
1022,ROYAL DELIGHT,28,peaches_variety,2025-08-13 17:14:23
1023,CARLOTTA,6,blueberries_variety,2025-08-13 17:14:23
1024,NE 299,27,nectarines_variety,2025-08-13 17:14:23
1025,SIN ESPECIFICAR,40,limes_variety,2025-08-13 17:14:23
1026,S/ESPECIFICAR C.C.,10,almonds_variety,2025-08-13 17:14:23
1027,RED GALA,2,apples_variety,2025-08-13 17:14:23
1028,SIN ESPECIFICAR,41,mangoes_variety,2025-08-13 17:14:23
1029,BACON,3,avocados_variety,2025-08-13 17:14:23
1030,CALLISTO,17,plums_variety,2025-08-13 17:14:23
1031,STARKRIMSON DELICIOUS,2,apples_variety,2025-08-13 17:14:23
1032,RED STARKING DELICIOUS,2,apples_variety,2025-08-13 17:14:23
1033,LARA C.C.,4,walnuts_variety,2025-08-13 17:14:23
1034,Y374,8,kiwifruit_variety,2025-08-13 17:14:23
1035,KOSUI,20,nashi pear_variety,2025-08-13 17:14:23
1036,BEAUTY,18,grape_variety,2025-08-13 17:14:23
1037,MERLOT,38,grape_variety,2025-08-13 17:14:23
1038,MALBEC,38,grape_variety,2025-08-13 17:14:23
1039,CHARDONNAY,38,grape_variety,2025-08-13 17:14:23
1040,SAUVIGNON BLANC,38,grape_variety,2025-08-13 17:14:23
1041,CAROLINE,28,peaches_variety,2025-08-13 17:14:23
1042,C82,15,cherries_variety,2025-08-13 17:14:23
1043,ANGELUS,28,peaches_variety,2025-08-13 17:14:23
1044,BING 11,15,cherries_variety,2025-08-13 17:14:23
1045,PATRIOT,6,blueberries_variety,2025-08-13 17:14:23
1046,FIESTA,2,apples_variety,2025-08-13 17:14:23
1047,GALA SPUR,2,apples_variety,2025-08-13 17:14:23
1048,KIRKWOOD RED,12,oranges_variety,2025-08-13 17:14:23
1049,MARIPOSA S.C.,4,walnuts_variety,2025-08-13 17:14:23
1050,POLINIZANTE 2,19,chestnuts_variety,2025-08-13 17:14:23
1051,CALIFORNIA S.C.,4,walnuts_variety,2025-08-13 17:14:23
1052,NATIVA,19,chestnuts_variety,2025-08-13 17:14:23
1053,KISS,8,kiwifruit_variety,2025-08-13 17:14:23
1054,CRIPPS PINK (CPVR) PINK LADY,2,apples_variety,2025-08-13 17:14:23
1055,CLEMENTINA,13,mandarins_variety,2025-08-13 17:14:23
1056,GALE GALA,2,apples_variety,2025-08-13 17:14:23
1057,GENOVA,31,baby kiwi_variety,2025-08-13 17:14:23
1058,NE 289,27,nectarines_variety,2025-08-13 17:14:23
1059,CANDY SWEET,17,plums_variety,2025-08-13 17:14:23
1060,SUMMER ROSE,17,plums_variety,2025-08-13 17:14:23
1061,CANDY SNAPS,18,grape_variety,2025-08-13 17:14:23
1062,RED SUPERIOR S.SUGRAFOURTEEN,18,grape_variety,2025-08-13 17:14:23
1063,RED WILLIAMS,1,pears_variety,2025-08-13 17:14:23
1064,AUGUST YUMMY,17,plums_variety,2025-08-13 17:14:23
1065,RED GEORGE,17,plums_variety,2025-08-13 17:14:23
1066,SILVERED,17,plums_variety,2025-08-13 17:14:23
1067,RADIANT JEWEL,27,nectarines_variety,2025-08-13 17:14:23
1068,CLOCKWORK,6,blueberries_variety,2025-08-13 17:14:23
1069,DEEP BLUE,17,plums_variety,2025-08-13 17:14:23
1070,GAR RED,17,plums_variety,2025-08-13 17:14:23
1071,ARRA 16,18,grape_variety,2025-08-13 17:14:23
1072,RED SUPERIOR SEEDLESS,18,grape_variety,2025-08-13 17:14:23
1073,SUGAR CRISP,18,grape_variety,2025-08-13 17:14:23
1074,SWEET CANDY,18,grape_variety,2025-08-13 17:14:23
1075,LATE CANDY,17,plums_variety,2025-08-13 17:14:23
1076,RED ROYAL,2,apples_variety,2025-08-13 17:14:23
1077,CARA,18,grape_variety,2025-08-13 17:14:23
1078,RED GIANT.TM,17,plums_variety,2025-08-13 17:14:23
1079,RED GIANT BIG,18,grape_variety,2025-08-13 17:14:23
1080,MARRONE DI MARRADI,19,chestnuts_variety,2025-08-13 17:14:23
1081,CORDILLERA S.C.,4,walnuts_variety,2025-08-13 17:14:23
1082,NON PAREIL C.C.,10,almonds_variety,2025-08-13 17:14:23
1083,YAMHILL C.C.,11,hazelnut_variety,2025-08-13 17:14:23
1084,TONDA PACIFICA C.C,11,hazelnut_variety,2025-08-13 17:14:23
1085,SIN ESPECIFICAR,22,persimmons_variety,2025-08-13 17:14:23
1086,MALBEC,16,onions_variety,2025-08-13 17:14:23
1087,CHERRY BURST,15,cherries_variety,2025-08-13 17:14:23
1088,SIN ESPECIFICAR,42,blackberries_variety,2025-08-13 17:14:23
1089,SUNRISE,6,blueberries_variety,2025-08-13 17:14:23
1090,SIN ESPECIFICAR,43,pineapples_variety,2025-08-13 17:14:23
1091,BRONCEADA,7,cherimoya_variety,2025-08-13 17:14:23
1092,MEDA REX,15,cherries_variety,2025-08-13 17:14:23
1093,1151,15,cherries_variety,2025-08-13 17:14:23
1094,MEDA TIGER,15,cherries_variety,2025-08-13 17:14:23
1095,CHEERY BLUSH,15,cherries_variety,2025-08-13 17:14:23
1096,SANTINA 1,15,cherries_variety,2025-08-13 17:14:23
1097,NIMBA,15,cherries_variety,2025-08-13 17:14:23
1098,CHERRY,15,cherries_variety,2025-08-13 17:14:23
1099,GOLDEN,12,oranges_variety,2025-08-13 17:14:23
1100,LYCHEE GRAPE,18,grape_variety,2025-08-13 17:14:23
1101,SUPLUMSIX,17,plums_variety,2025-08-13 17:14:23
1102,IMAMURA AKI,20,nashi pear_variety,2025-08-13 17:14:23
1103,MAYLEN (INIAGRAPE ONE CV),18,grape_variety,2025-08-13 17:14:23
1104,LATE RED,17,plums_variety,2025-08-13 17:14:23
1105,VIOGNIER,38,grape_variety,2025-08-13 17:14:23
1106,ENZA GOLD,8,kiwifruit_variety,2025-08-13 17:14:23
1107,FUJI TAPADA,2,apples_variety,2025-08-13 17:14:23
1108,SIN ESPECIFICAR,24,garlic_variety,2025-08-13 17:14:23
1109,WONDERFUL,44,pomegranate arils_variety,2025-08-13 17:14:23
1110,PINOT NOIR,38,grape_variety,2025-08-13 17:14:23
1111,PEARLICIOUS VI,27,nectarines_variety,2025-08-13 17:14:23
1112,RUBY PEARL,27,nectarines_variety,2025-08-13 17:14:23
1113,RUBY SUN,28,peaches_variety,2025-08-13 17:14:23
1114,GIANT PHOENIC,17,plums_variety,2025-08-13 17:14:23
1115,TIMPSON - SHEEGENE 2,18,grape_variety,2025-08-13 17:14:23
1116,SWEET ANNE,17,plums_variety,2025-08-13 17:14:23
1117,BI GREEN AND RED,18,grape_variety,2025-08-13 17:14:23
1118,DOWN SEEDLESS,18,grape_variety,2025-08-13 17:14:23
1119,GREEN RED,17,plums_variety,2025-08-13 17:14:23
1120,SWEET JOY,17,plums_variety,2025-08-13 17:14:23
1121,RED STAR,17,plums_variety,2025-08-13 17:14:23
1122,ARCTIC RED,27,nectarines_variety,2025-08-13 17:14:23
1123,THOMPSON DOWN,18,grape_variety,2025-08-13 17:14:23
1124,JUNE GLO,27,nectarines_variety,2025-08-13 17:14:23
1125,SABLE SEEDLESS(SUGRASIXTEEN),18,grape_variety,2025-08-13 17:14:23
1126,SIN ESPECIFICAR,26,pomegranate_variety,2025-08-13 17:14:23
1127,PERLETTE,18,grape_variety,2025-08-13 17:14:23
1128,IFG EIGHTEEN,18,grape_variety,2025-08-13 17:14:23
1129,EXPRESSION,16,onions_variety,2025-08-13 17:14:23
1130,SUNSET DELIGHT,17,plums_variety,2025-08-13 17:14:23
1131,C535,17,plums_variety,2025-08-13 17:14:23
1132,JULY SWEET,17,plums_variety,2025-08-13 17:14:23
1133,AUTUMM BLACK,17,plums_variety,2025-08-13 17:14:23
1134,CRIMSON LADY,28,peaches_variety,2025-08-13 17:14:23
1135,CRUNCH,6,blueberries_variety,2025-08-13 17:14:23
1136,RED ELISA SEEDLES,18,grape_variety,2025-08-13 17:14:23
1137,NECTARPERLE,27,nectarines_variety,2025-08-13 17:14:23
1138,BLACK,18,grape_variety,2025-08-13 17:14:23
1139,RED GIANT,27,nectarines_variety,2025-08-13 17:14:23
1140,FIRE SWET,27,nectarines_variety,2025-08-13 17:14:23
1141,SUPER GIANT,27,nectarines_variety,2025-08-13 17:14:23
1142,SEPTEMBER QUEEN,27,nectarines_variety,2025-08-13 17:14:23
1143,MIDNIGHT BEAUTY (SUGRATHIRTEE,18,grape_variety,2025-08-13 17:14:23
1144,SUGAR PLUMS D AGEN,17,plums_variety,2025-08-13 17:14:23
1145,M20 22,17,plums_variety,2025-08-13 17:14:23
1146,DIAMOND,27,nectarines_variety,2025-08-13 17:14:23
1147,GLEN RED,17,plums_variety,2025-08-13 17:14:23
1148,HONEY PUNCH,17,plums_variety,2025-08-13 17:14:23
1149,SWEET DELIGTH,17,plums_variety,2025-08-13 17:14:23
1150,SWEET ROSA,17,plums_variety,2025-08-13 17:14:23
1151,NECTAJEWEL REGALIN,27,nectarines_variety,2025-08-13 17:14:23
1152,SUPER FLAME SEEDLESS,18,grape_variety,2025-08-13 17:14:23
1153,THOMPSON QUEN RED,18,grape_variety,2025-08-13 17:14:23
1154,CHERRYPLUM,17,plums_variety,2025-08-13 17:14:23
1155,ARCTIC BEAUT,27,nectarines_variety,2025-08-13 17:14:23
1156,SWEET HEART,17,plums_variety,2025-08-13 17:14:23
1157,NECTARPERLE REGALIN,27,nectarines_variety,2025-08-13 17:14:23
1158,RUBY KAT,17,plums_variety,2025-08-13 17:14:23
1159,YELLOW HONEY,27,nectarines_variety,2025-08-13 17:14:23
1160,CEKOYA CRUSH,6,blueberries_variety,2025-08-13 17:14:23
1161,ARTIC STAR,27,nectarines_variety,2025-08-13 17:14:23
1162,NAPOLEON,15,cherries_variety,2025-08-13 17:14:23
1163,SWEET PIXIE,17,plums_variety,2025-08-13 17:14:23
1164,PACIFIC RED,15,cherries_variety,2025-08-13 17:14:23
1165,4004,27,nectarines_variety,2025-08-13 17:14:23
1166,PEACH BLUE,6,blueberries_variety,2025-08-13 17:14:23
1167,CEKOYA GRANDE,6,blueberries_variety,2025-08-13 17:14:23
1168,SWEET BITE,27,nectarines_variety,2025-08-13 17:14:23
1169,CARLA,28,peaches_variety,2025-08-13 17:14:23
1170,CANDY SWEET,28,peaches_variety,2025-08-13 17:14:23
1171,DU 158,28,peaches_variety,2025-08-13 17:14:23
1172,BELLA,6,blueberries_variety,2025-08-13 17:14:23
1173,BLANCOS,24,garlic_variety,2025-08-13 17:14:23
1174,FCM 14052,6,blueberries_variety,2025-08-13 17:14:23
1175,FRESNO,45,strawberries_variety,2025-08-13 17:14:23
1176,UNSPECIFIED,3,avocados_variety,2025-08-13 17:14:23
1177,VALENCIA SALUSTIANA,12,oranges_variety,2025-08-13 17:14:23
1178,MORIA,13,mandarins_variety,2025-08-13 17:14:23
1179,VALENCIA,12,oranges_variety,2025-08-13 17:14:23
1180,LISBOA,14,lemons_variety,2025-08-13 17:14:23
1181,CLEMENVILLA,21,clementine_variety,2025-08-13 17:14:23
1182,BURPEACHTWELVE,28,peaches_variety,2025-08-13 17:14:23
1183,FLAME KING,27,nectarines_variety,2025-08-13 17:14:23
1184,EARLY ELEGANT LADY,28,peaches_variety,2025-08-13 17:14:23
1185,ROSIE ROOKE,6,blueberries_variety,2025-08-13 17:14:23
1186,EXTREME 712,27,nectarines_variety,2025-08-13 17:14:23
1187,N7 92,17,plums_variety,2025-08-13 17:14:23
1188,RUBY SWEET,27,nectarines_variety,2025-08-13 17:14:23
1189,GRAND ROSA,17,plums_variety,2025-08-13 17:14:23
1190,PURPLE QUEEN,17,plums_variety,2025-08-13 17:14:23
1191,MUIR BEAUTY,17,plums_variety,2025-08-13 17:14:23
1192,EMERAL BEAUT,17,plums_variety,2025-08-13 17:14:23
1193,EXTREM 733,27,nectarines_variety,2025-08-13 17:14:23
1194,JIRO,22,persimmons_variety,2025-08-13 17:14:23
1195,MARRONE DI CASTEL DEL RIO,19,chestnuts_variety,2025-08-13 17:14:23
1196,RED REGAL,17,plums_variety,2025-08-13 17:14:23
1197,MAMMOUTH,23,feijoas_variety,2025-08-13 17:14:23
1198,MIX FLAME,18,grape_variety,2025-08-13 17:14:23
1199,JUGALA,2,apples_variety,2025-08-13 17:14:23
1200,ROJA SUPREMA,2,apples_variety,2025-08-13 17:14:23
1201,PRESIDENT,17,plums_variety,2025-08-13 17:14:23
1202,ARRA 15/CRIMSON,18,grape_variety,2025-08-13 17:14:23
1203,SIN ESPECIFICAR,20,nashi pear_variety,2025-08-13 17:14:23
1204,ITUMTEN,18,grape_variety,2025-08-13 17:14:23
1205,SPRING BEAUT,17,plums_variety,2025-08-13 17:14:23
1206,RIBER SEEDLESS,18,grape_variety,2025-08-13 17:14:23
1207,MASENA 4408,6,blueberries_variety,2025-08-13 17:14:23
1208,IVU 524,15,cherries_variety,2025-08-13 17:14:23
1209,MEDA BULL,15,cherries_variety,2025-08-13 17:14:23
1210,MEDA WOLF,15,cherries_variety,2025-08-13 17:14:23
1211,BING 5,15,cherries_variety,2025-08-13 17:14:23
1212,BING V,15,cherries_variety,2025-08-13 17:14:23
1213,MARCONA,10,almonds_variety,2025-08-13 17:14:23
1214,SWEET GABRIEL,15,cherries_variety,2025-08-13 17:14:23
1215,AZTECA,29,apricot_variety,2025-08-13 17:14:23
1216,APRISWEET,29,apricot_variety,2025-08-13 17:14:23
1217,ROYAL HELEN,15,cherries_variety,2025-08-13 17:14:23
1218,IVU 105,15,cherries_variety,2025-08-13 17:14:23
1219,ICE FLAME,27,nectarines_variety,2025-08-13 17:14:23
1220,BIG BOY 1,27,nectarines_variety,2025-08-13 17:14:23
1221,CRISTAL,16,onions_variety,2025-08-13 17:14:23
1222,EXTREME W,27,nectarines_variety,2025-08-13 17:14:23
1223,AURORA,28,peaches_variety,2025-08-13 17:14:23
1224,BING 1,15,cherries_variety,2025-08-13 17:14:23
1225,SPARKLING RED,27,nectarines_variety,2025-08-13 17:14:23
1226,SEPTEMBER CREST,28,peaches_variety,2025-08-13 17:14:23
1227,LATEBLUE,6,blueberries_variety,2025-08-13 17:14:23
1228,SIN ESPECIFICAR,46,kumquats_variety,2025-08-13 17:14:23
1229,NOVA,13,mandarins_variety,2025-08-13 17:14:23
1230,CEBOLLINO,16,onions_variety,2025-08-13 17:14:23
1231,GARRIC WHITE,24,garlic_variety,2025-08-13 17:14:23
1232,KIKU,2,apples_variety,2025-08-13 17:14:23
1233,MAIA 1,2,apples_variety,2025-08-13 17:14:23
1234,KIWI RED,8,kiwifruit_variety,2025-08-13 17:14:23
1235,SWEET LORENZ,15,cherries_variety,2025-08-13 17:14:23
1236,MALLINE JEWEL,47,raspberries_variety,2025-08-13 17:14:23
1237,BULL,15,cherries_variety,2025-08-13 17:14:23
1238,C 15,15,cherries_variety,2025-08-13 17:14:23
1239,DIXI,6,blueberries_variety,2025-08-13 17:14:23
1240,JULY DIAMMOND,27,nectarines_variety,2025-08-13 17:14:23
1241,SIN ESPECIFICAR,48,prickly pears_variety,2025-08-13 17:14:23
1242,BETTY ONNE,17,plums_variety,2025-08-13 17:14:23
1243,CI 526,17,plums_variety,2025-08-13 17:14:23
1244,SIERRA LADY,28,peaches_variety,2025-08-13 17:14:23
1245,WHITE ONIONS,16,onions_variety,2025-08-13 17:14:23
1246,AUTUMN,17,plums_variety,2025-08-13 17:14:23
1247,CRIOLLA,28,peaches_variety,2025-08-13 17:14:23
1248,KISSABEL R202,2,apples_variety,2025-08-13 17:14:23
1249,KISSABEL R206,2,apples_variety,2025-08-13 17:14:23
1250,SAPHIRE,27,nectarines_variety,2025-08-13 17:14:23
1251,KING RED,27,nectarines_variety,2025-08-13 17:14:23
1252,GREEN GLOBE,18,grape_variety,2025-08-13 17:14:23
1253,RED SUPERIOR SEEDLESS (SUGRAF,18,grape_variety,2025-08-13 17:14:23
1254,NAKAWA,27,nectarines_variety,2025-08-13 17:14:23
1255,SUGRATWELVE/ARRA 29,18,grape_variety,2025-08-13 17:14:23
1256,MANGO TANGO,17,plums_variety,2025-08-13 17:14:23
1257,SALSA,16,onions_variety,2025-08-13 17:14:23
1258,FLAME ROYAL,18,grape_variety,2025-08-13 17:14:23
1259,SUNRISE MAGIC,2,apples_variety,2025-08-13 17:14:23
1260,MORO,12,oranges_variety,2025-08-13 17:14:23
1261,ULTRA GALA,2,apples_variety,2025-08-13 17:14:23
1262,ANNAHEIM,3,avocados_variety,2025-08-13 17:14:23
1263,SIN ESPECIFICAR,49,european chestnuts_variety,2025-08-13 17:14:23
1264,SIN ESPECIFICAR,30,loquat_variety,2025-08-13 17:14:23
1265,THOMPSON S.C.,10,almonds_variety,2025-08-13 17:14:23
1266,BUTTE S.C.,10,almonds_variety,2025-08-13 17:14:23
1267,ZUTANO,3,avocados_variety,2025-08-13 17:14:23
1268,TEXAS S.C.,10,almonds_variety,2025-08-13 17:14:23
1269,OKITSU,13,mandarins_variety,2025-08-13 17:14:23
1270,CLEMENTINES,21,clementine_variety,2025-08-13 17:14:23
1271,OCTUBRINA,21,clementine_variety,2025-08-13 17:14:23
1272,CRIMSON RED,17,plums_variety,2025-08-13 17:14:23
1273,ITUM 6,18,grape_variety,2025-08-13 17:14:23
1274,SUPLUMTHIRTYSIX-APPLUM,17,plums_variety,2025-08-13 17:14:23
1275,RED DELIGHT,2,apples_variety,2025-08-13 17:14:23
1276,MOSCATEL BLACK,18,grape_variety,2025-08-13 17:14:23
1277,BLUSH SEEDLESS,18,grape_variety,2025-08-13 17:14:23
1278,ESMERALD SEEDLESS,18,grape_variety,2025-08-13 17:14:23
1279,CHIMENTI GLOBE,18,grape_variety,2025-08-13 17:14:23
1280,IFG TWENTY ONE,18,grape_variety,2025-08-13 17:14:23
1281,CI 535,17,plums_variety,2025-08-13 17:14:23
1282,FILOE,28,peaches_variety,2025-08-13 17:14:23
1283,CANDY PIXIE,17,plums_variety,2025-08-13 17:14:23
1284,EARLI QUEEN,27,nectarines_variety,2025-08-13 17:14:23
1285,GRANDE,6,blueberries_variety,2025-08-13 17:14:23
1286,BLACK GLORY,17,plums_variety,2025-08-13 17:14:23
1287,EARLY SWEET,27,nectarines_variety,2025-08-13 17:14:23
1288,SWEET NECTAR,27,nectarines_variety,2025-08-13 17:14:23
1289,NECTARDREAM,27,nectarines_variety,2025-08-13 17:14:23
1290,SEKOYA POP,6,blueberries_variety,2025-08-13 17:14:23
1291,SWEET DIAMOND,17,plums_variety,2025-08-13 17:14:23
1292,SEKOYA BEAUTY,6,blueberries_variety,2025-08-13 17:14:23
1293,ANDESNECSEIS,27,nectarines_variety,2025-08-13 17:14:23
1294,ATANAIS,27,nectarines_variety,2025-08-13 17:14:23
1295,PANPANA,28,peaches_variety,2025-08-13 17:14:23
1296,IVORY SWEET CELEBRATION,18,grape_variety,2025-08-13 17:14:23
1297,TIMPSON SWEET CELEBRATION,18,grape_variety,2025-08-13 17:14:23
1298,STAR GRAND,27,nectarines_variety,2025-08-13 17:14:23
1299,CANDY HEART,17,plums_variety,2025-08-13 17:14:23
1300,NECTARIANE REGALIN,27,nectarines_variety,2025-08-13 17:14:23
1301,SHYMPONY,15,cherries_variety,2025-08-13 17:14:23
1302,BING ST,15,cherries_variety,2025-08-13 17:14:23
1303,BING 8,15,cherries_variety,2025-08-13 17:14:23
1304,SIN ESPECIFICAR,50,papayas_variety,2025-08-13 17:14:23
1305,KAKAMA,28,peaches_variety,2025-08-13 17:14:23
1306,IFG TWENTY TWO,18,grape_variety,2025-08-13 17:14:23
1307,JUST SWEET,27,nectarines_variety,2025-08-13 17:14:23
1308,SUMMER GIANT,28,peaches_variety,2025-08-13 17:14:23
1309,CANDY PEARL,17,plums_variety,2025-08-13 17:14:23
1310,SWEET PASSION,17,plums_variety,2025-08-13 17:14:23
1311,TRICOLOR,18,grape_variety,2025-08-13 17:14:23
1312,FLATDIVA,28,peaches_variety,2025-08-13 17:14:23
1313,CAKESTAR,27,nectarines_variety,2025-08-13 17:14:23
1314,NECTARPERFECTA,27,nectarines_variety,2025-08-13 17:14:23
1315,SWEET SEEDLESS,18,grape_variety,2025-08-13 17:14:23
1316,CI 522,17,plums_variety,2025-08-13 17:14:23
1317,CAKELAM,27,nectarines_variety,2025-08-13 17:14:23
1318,JULIANA,7,cherimoya_variety,2025-08-13 17:14:23
1319,NEW HALL,12,oranges_variety,2025-08-13 17:14:23
1320,NAVELINA,12,oranges_variety,2025-08-13 17:14:23
1321,DEKOPON,13,mandarins_variety,2025-08-13 17:14:23
1322,RED KING OREGON,2,apples_variety,2025-08-13 17:14:23
1323,WA38,2,apples_variety,2025-08-13 17:14:23
1324,IFG CHER SIX,15,cherries_variety,2025-08-13 17:14:23
1325,IRIS ROSSO,28,peaches_variety,2025-08-13 17:14:23
1326,S CHERRIES,15,cherries_variety,2025-08-13 17:14:23
1327,EARLY SUN GRAN,27,nectarines_variety,2025-08-13 17:14:23
1328,CHEERY MOON,15,cherries_variety,2025-08-13 17:14:23
1329,FCM 12045,6,blueberries_variety,2025-08-13 17:14:23
1330,BLACK ROCK,15,cherries_variety,2025-08-13 17:14:23
1331,PACIFIC,28,peaches_variety,2025-08-13 17:14:23
1332,ARCTIC STAR,27,nectarines_variety,2025-08-13 17:14:23
1333,ITUMFIFTEEN,18,grape_variety,2025-08-13 17:14:23
1334,EARLY DIAMOND,27,nectarines_variety,2025-08-13 17:14:23
1335,AUTUM ROSA,17,plums_variety,2025-08-13 17:14:23
1336,ATWOOD,2,apples_variety,2025-08-13 17:14:23
1337,SWEET RED,17,plums_variety,2025-08-13 17:14:23
1338,RED SUN,17,plums_variety,2025-08-13 17:14:23
1339,QUEEN BEAUT,17,plums_variety,2025-08-13 17:14:23
1340,SWEET PEKEETAH PURPLE HONEY,17,plums_variety,2025-08-13 17:14:23
1341,IFG 68 175,18,grape_variety,2025-08-13 17:14:23
1342,SUPER BLACK THOMPSON,18,grape_variety,2025-08-13 17:14:23
1343,BABY RED GLOBE,18,grape_variety,2025-08-13 17:14:23
1344,GALA BLUSH,2,apples_variety,2025-08-13 17:14:23
1345,DAISY SL,13,mandarins_variety,2025-08-13 17:14:23
1346,CRISTAL,8,kiwifruit_variety,2025-08-13 17:14:23
1347,CHEERY GLOW,15,cherries_variety,2025-08-13 17:14:23
1348,JERSEY,6,blueberries_variety,2025-08-13 17:14:23
1349,LEWIS S.C.,11,hazelnut_variety,2025-08-13 17:14:23
1350,RED STARKING,2,apples_variety,2025-08-13 17:14:23
1351,BLACK LYON,17,plums_variety,2025-08-13 17:14:23
1352,SPRING DIAMOND,27,nectarines_variety,2025-08-13 17:14:23
1353,ALFONSO LAVALLE,18,grape_variety,2025-08-13 17:14:23
1354,RABBITEYE,6,blueberries_variety,2025-08-13 17:14:23
1355,PINK PLUMS,17,plums_variety,2025-08-13 17:14:23
1356,JUNE PEARL,27,nectarines_variety,2025-08-13 17:14:23
1357,LINDA ROSA,17,plums_variety,2025-08-13 17:14:23
1358,UNK.VAR.MUSCAT SEEDLESS,18,grape_variety,2025-08-13 17:14:23
1359,MANDARIN,13,mandarins_variety,2025-08-13 17:14:23
1360,COOPER,6,blueberries_variety,2025-08-13 17:14:23
1361,NAVSEL 4,18,grape_variety,2025-08-13 17:14:23
1362,EARLY ANNE,17,plums_variety,2025-08-13 17:14:23
1363,PRO 426,27,nectarines_variety,2025-08-13 17:14:23
1364,MILAN,15,cherries_variety,2025-08-13 17:14:23
1365,EARLY ROSA,17,plums_variety,2025-08-13 17:14:23
1366,RED SWEET,27,nectarines_variety,2025-08-13 17:14:23
1367,ARTIC KAY,27,nectarines_variety,2025-08-13 17:14:23
1368,IVU 533,15,cherries_variety,2025-08-13 17:14:23
1369,SANTINA 2,15,cherries_variety,2025-08-13 17:14:23
1370,STANDAR,6,blueberries_variety,2025-08-13 17:14:23
1371,PEDRO C/C,4,walnuts_variety,2025-08-13 17:14:23
1372,PINK GLOBE,18,grape_variety,2025-08-13 17:14:23
1373,SWEET,16,onions_variety,2025-08-13 17:14:23
1374,SERR/CHANDLER C.C.,4,walnuts_variety,2025-08-13 17:14:23
1375,AUTUMN LATE,17,plums_variety,2025-08-13 17:14:23
1376,ANGELYS,1,pears_variety,2025-08-13 17:14:23
1377,APPLAUSE,18,grape_variety,2025-08-13 17:14:23
1378,SWEET CELEBRATION AUTUMN CRISP,18,grape_variety,2025-08-13 17:14:23
1379,GAR FANTASY,17,plums_variety,2025-08-13 17:14:23
1380,ACONCAGUA S/C,4,walnuts_variety,2025-08-13 17:14:23
1381,JINGOLD,8,kiwifruit_variety,2025-08-13 17:14:23
1382,ATWOOD NAVEL,12,oranges_variety,2025-08-13 17:14:23
1383,SWEET FRIEND,17,plums_variety,2025-08-13 17:14:23
1384,NECTARRUBY,27,nectarines_variety,2025-08-13 17:14:23
1385,CAKEDELICE ONDINE,27,nectarines_variety,2025-08-13 17:14:23
1386,BABY SWEET I,17,plums_variety,2025-08-13 17:14:23
1387,CATALINA,17,plums_variety,2025-08-13 17:14:23
1388,RED KAT,17,plums_variety,2025-08-13 17:14:23
1389,COACHELLA SEEDLESS,18,grape_variety,2025-08-13 17:14:23
1390,FILOA,28,peaches_variety,2025-08-13 17:14:23
1391,BANDORA,17,plums_variety,2025-08-13 17:14:23
1392,CONTESSA,28,peaches_variety,2025-08-13 17:14:23
1393,BING 96 97,15,cherries_variety,2025-08-13 17:14:23
1394,BING 15,15,cherries_variety,2025-08-13 17:14:23
1395,PALSTEIN,29,apricot_variety,2025-08-13 17:14:23
1396,S CHERRIES (ST),15,cherries_variety,2025-08-13 17:14:23
1397,NE 98,27,nectarines_variety,2025-08-13 17:14:23
1398,AZURITE,27,nectarines_variety,2025-08-13 17:14:23
1399,BLACK NAPOLEON,15,cherries_variety,2025-08-13 17:14:23
1400,SWEET JANUARY,28,peaches_variety,2025-08-13 17:14:23
1401,COUNTRY SWEET,28,peaches_variety,2025-08-13 17:14:23
1402,BENJAMIN ANDES,14,lemons_variety,2025-08-13 17:14:23
1403,IFG CHER TWO,15,cherries_variety,2025-08-13 17:14:23
1404,IFG CHER THREE,15,cherries_variety,2025-08-13 17:14:23
1405,ROSE RAINIER,15,cherries_variety,2025-08-13 17:14:23
1406,SWEET VALINA,15,cherries_variety,2025-08-13 17:14:23
1407,PRIM 21,15,cherries_variety,2025-08-13 17:14:23
1408,PRIM 31,15,cherries_variety,2025-08-13 17:14:23
1409,IFG CHER TEN,15,cherries_variety,2025-08-13 17:14:23
1410,EARLY TIOGA,15,cherries_variety,2025-08-13 17:14:23
1411,POLKA,15,cherries_variety,2025-08-13 17:14:23
1412,EARLY GLO,27,nectarines_variety,2025-08-13 17:14:23
1413,MODESTO,29,apricot_variety,2025-08-13 17:14:23
1414,NECTARNOVALA,27,nectarines_variety,2025-08-13 17:14:23
1415,SEKOYA CRUNCH,6,blueberries_variety,2025-08-13 17:14:23
1416,SUPER D'AGEN,17,plums_variety,2025-08-13 17:14:23
1417,AUTUMNCRIPBRAND,18,grape_variety,2025-08-13 17:14:23
1418,ROYAL,27,nectarines_variety,2025-08-13 17:14:23
1419,CAKEBELLA,27,nectarines_variety,2025-08-13 17:14:23
1420,RED ELISA,18,grape_variety,2025-08-13 17:14:23
1421,SIN ESPECIFICAR,47,raspberries_variety,2025-08-13 17:14:23
1422,TULARE GIANT,17,plums_variety,2025-08-13 17:14:23
1423,PURPLE BEAUT,17,plums_variety,2025-08-13 17:14:23
1424,FLAVOR BLAST,17,plums_variety,2025-08-13 17:14:23
1425,GIAN SUGAR PLUM,17,plums_variety,2025-08-13 17:14:23
1426,SWEET LOVE,17,plums_variety,2025-08-13 17:14:23
1427,EARLY PURPLE,17,plums_variety,2025-08-13 17:14:23
1428,HOWARD SUN,17,plums_variety,2025-08-13 17:14:23
1429,S.QUEEN,28,peaches_variety,2025-08-13 17:14:23
1430,BLUEMOON,6,blueberries_variety,2025-08-13 17:14:23
1431,ROSE CARAMEL (ITUM FIFTEEN),18,grape_variety,2025-08-13 17:14:23
1432,ROYAL MUSCAT,18,grape_variety,2025-08-13 17:14:23
1433,JOANNA RED,17,plums_variety,2025-08-13 17:14:23
1434,MIRREL,17,plums_variety,2025-08-13 17:14:23
1435,SIN ESPECIFICAR,36,plumcot_variety,2025-08-13 17:14:23
1436,RUBY RUSH,18,grape_variety,2025-08-13 17:14:23
1437,BLACK PRIME,17,plums_variety,2025-08-13 17:14:23
1438,BLACK ANNE,17,plums_variety,2025-08-13 17:14:23
1439,CHERRY PLUM I,17,plums_variety,2025-08-13 17:14:23
1440,CRIMSON KAT,36,plumcot_variety,2025-08-13 17:14:23
1441,CANDY STRIPE,36,plumcot_variety,2025-08-13 17:14:23
1442,DOLOMIA PLUS,47,raspberries_variety,2025-08-13 17:14:23
1443,DAPPLE DANDY,36,plumcot_variety,2025-08-13 17:14:23
1444,FLATBUZZ,28,peaches_variety,2025-08-13 17:14:23
1445,SUMMER GOLD,28,peaches_variety,2025-08-13 17:14:23
1446,ARCTIC GIANT,27,nectarines_variety,2025-08-13 17:14:23
1447,SWEET MARY,36,plumcot_variety,2025-08-13 17:14:23
1448,MAJESTIC,27,nectarines_variety,2025-08-13 17:14:23
1449,AUTUMN FRIDE,28,peaches_variety,2025-08-13 17:14:23
1450,AMBAR,17,plums_variety,2025-08-13 17:14:23
1451,ARCTIC MIST,27,nectarines_variety,2025-08-13 17:14:23
1452,ARCTIC SNOW,27,nectarines_variety,2025-08-13 17:14:23
1453,ARABELLA,6,blueberries_variety,2025-08-13 17:14:23
1454,SOLEDORA,28,peaches_variety,2025-08-13 17:14:23
1455,SWEETBANG,28,peaches_variety,2025-08-13 17:14:23
1456,MAY GRAND,27,nectarines_variety,2025-08-13 17:14:23
1457,NECTARNOW,27,nectarines_variety,2025-08-13 17:14:23
1458,LATE BING,15,cherries_variety,2025-08-13 17:14:23
1459,CHERRY PLUM II,17,plums_variety,2025-08-13 17:14:23
1460,EXTREME PRO C28,27,nectarines_variety,2025-08-13 17:14:23
1461,FC14 062 (ARABELLA),6,blueberries_variety,2025-08-13 17:14:23
1462,JUPITER,6,blueberries_variety,2025-08-13 17:14:23
1463,RIDLEY 1212,6,blueberries_variety,2025-08-13 17:14:23
1464,POP,6,blueberries_variety,2025-08-13 17:14:23
1465,MAY PEARL,27,nectarines_variety,2025-08-13 17:14:23
1466,MAY CREST,28,peaches_variety,2025-08-13 17:14:23
1467,SNOW CHASER,6,blueberries_variety,2025-08-13 17:14:23
1468,FLAVOR RED,28,peaches_variety,2025-08-13 17:14:23
1469,S CHERRIES (LB),15,cherries_variety,2025-08-13 17:14:23
1470,LARRY CRUNCH,17,plums_variety,2025-08-13 17:14:23
1471,MARY B.,17,plums_variety,2025-08-13 17:14:23
1472,BLACK STAR,17,plums_variety,2025-08-13 17:14:23
1473,CRUNCHYPOP ITUMNSEVEN CV.,18,grape_variety,2025-08-13 17:14:23
1474,SWEET GARNET,17,plums_variety,2025-08-13 17:14:23
1475,RED GREEN SEEDLESS,18,grape_variety,2025-08-13 17:14:23
1476,SUGAR CRUNCH,18,grape_variety,2025-08-13 17:14:23
1477,LONG KEN,17,plums_variety,2025-08-13 17:14:23
1478,AUTUMN BARTLETT,1,pears_variety,2025-08-13 17:14:23
1479,BLACK JACK,17,plums_variety,2025-08-13 17:14:23
1480,ROYAL GALA PREMIUM,2,apples_variety,2025-08-13 17:14:23
1481,SWEET HONEY,17,plums_variety,2025-08-13 17:14:23
1482,SWEET PEARL,27,nectarines_variety,2025-08-13 17:14:23
1483,SWEET ROSE,17,plums_variety,2025-08-13 17:14:23
1484,KATTY,29,apricot_variety,2025-08-13 17:14:23
1485,DUPREE,6,blueberries_variety,2025-08-13 17:14:23
1486,EARLY BURLAT,15,cherries_variety,2025-08-13 17:14:23
1487,SEQUOIA,15,cherries_variety,2025-08-13 17:14:23
1488,BING 10,15,cherries_variety,2025-08-13 17:14:23
1489,BING 12,15,cherries_variety,2025-08-13 17:14:23
1490,BLACK REPUBLICAN,15,cherries_variety,2025-08-13 17:14:23
1491,CI 795,17,plums_variety,2025-08-13 17:14:23
1492,BING 24,15,cherries_variety,2025-08-13 17:14:23
1493,VELVICK,3,avocados_variety,2025-08-13 17:14:23
1494,HEART CANDY,17,plums_variety,2025-08-13 17:14:23
1495,GIANT FLAVOURS,27,nectarines_variety,2025-08-13 17:14:23
1496,GAR JUMBO,17,plums_variety,2025-08-13 17:14:23
1497,SUN RED,28,peaches_variety,2025-08-13 17:14:23
1498,SUGAR GIANT,17,plums_variety,2025-08-13 17:14:23
1499,RED ROYAL,17,plums_variety,2025-08-13 17:14:23
1500,KAISER,1,pears_variety,2025-08-13 17:14:23
